[debug] [2026-06-09T08:35:41.858Z] ----------------------------------------------------------------------
[debug] [2026-06-09T08:35:41.859Z] Command:       /usr/local/bin/node /Users/raulgm/.npm-global/bin/firebase deploy --only functions
[debug] [2026-06-09T08:35:41.860Z] CLI Version:   15.13.0
[debug] [2026-06-09T08:35:41.860Z] Platform:      darwin
[debug] [2026-06-09T08:35:41.860Z] Node Version:  v22.15.0
[debug] [2026-06-09T08:35:41.860Z] Time:          Tue Jun 09 2026 11:35:41 GMT+0300 (GMT+03:00)
[debug] [2026-06-09T08:35:41.860Z] ----------------------------------------------------------------------
[debug] 
[debug] [2026-06-09T08:35:42.496Z] > command requires scopes: ["email","openid","https://www.googleapis.com/auth/cloudplatformprojects.readonly","https://www.googleapis.com/auth/firebase","https://www.googleapis.com/auth/cloud-platform"]
[debug] [2026-06-09T08:35:42.496Z] > authorizing via signed-in user (apaladario@gmail.com)
[debug] [2026-06-09T08:35:42.496Z] [iam] checking project vertey-cf1b9 for permissions ["cloudfunctions.functions.create","cloudfunctions.functions.delete","cloudfunctions.functions.get","cloudfunctions.functions.list","cloudfunctions.functions.update","cloudfunctions.operations.get","firebase.projects.get"]
[debug] [2026-06-09T08:35:42.497Z] Checked if tokens are valid: true, expires at: 1780997427982
[debug] [2026-06-09T08:35:42.497Z] Checked if tokens are valid: true, expires at: 1780997427982
[debug] [2026-06-09T08:35:42.497Z] >>> [apiv2][query] POST https://cloudresourcemanager.googleapis.com/v1/projects/vertey-cf1b9:testIamPermissions [none]
[debug] [2026-06-09T08:35:42.497Z] >>> [apiv2][(partial)header] POST https://cloudresourcemanager.googleapis.com/v1/projects/vertey-cf1b9:testIamPermissions  x-goog-user-project=vertey-cf1b9
[debug] [2026-06-09T08:35:42.497Z] >>> [apiv2][body] POST https://cloudresourcemanager.googleapis.com/v1/projects/vertey-cf1b9:testIamPermissions {"permissions":["cloudfunctions.functions.create","cloudfunctions.functions.delete","cloudfunctions.functions.get","cloudfunctions.functions.list","cloudfunctions.functions.update","cloudfunctions.operations.get","firebase.projects.get"]}
[debug] [2026-06-09T08:35:43.429Z] <<< [apiv2][status] POST https://cloudresourcemanager.googleapis.com/v1/projects/vertey-cf1b9:testIamPermissions 200
[debug] [2026-06-09T08:35:43.429Z] <<< [apiv2][body] POST https://cloudresourcemanager.googleapis.com/v1/projects/vertey-cf1b9:testIamPermissions {"permissions":["cloudfunctions.functions.create","cloudfunctions.functions.delete","cloudfunctions.functions.get","cloudfunctions.functions.list","cloudfunctions.functions.update","cloudfunctions.operations.get","firebase.projects.get"]}
[debug] [2026-06-09T08:35:43.430Z] Checked if tokens are valid: true, expires at: 1780997427982
[debug] [2026-06-09T08:35:43.430Z] Checked if tokens are valid: true, expires at: 1780997427982
[debug] [2026-06-09T08:35:43.430Z] >>> [apiv2][query] POST https://iam.googleapis.com/v1/projects/vertey-cf1b9/serviceAccounts/vertey-cf1b9@appspot.gserviceaccount.com:testIamPermissions [none]
[debug] [2026-06-09T08:35:43.430Z] >>> [apiv2][body] POST https://iam.googleapis.com/v1/projects/vertey-cf1b9/serviceAccounts/vertey-cf1b9@appspot.gserviceaccount.com:testIamPermissions {"permissions":["iam.serviceAccounts.actAs"]}
[debug] [2026-06-09T08:35:44.332Z] <<< [apiv2][status] POST https://iam.googleapis.com/v1/projects/vertey-cf1b9/serviceAccounts/vertey-cf1b9@appspot.gserviceaccount.com:testIamPermissions 200
[debug] [2026-06-09T08:35:44.333Z] <<< [apiv2][body] POST https://iam.googleapis.com/v1/projects/vertey-cf1b9/serviceAccounts/vertey-cf1b9@appspot.gserviceaccount.com:testIamPermissions {"permissions":["iam.serviceAccounts.actAs"]}
[info] 
[info] === Deploying to 'vertey-cf1b9'...
[info] 
[info] i  deploying functions 
[info] Running command: npm --prefix "$RESOURCE_DIR" install
[info] Running command: npm --prefix "$RESOURCE_DIR" run build
[info] ✔  functions: Finished running predeploy script. 
[debug] [2026-06-09T08:35:46.929Z] Checked if tokens are valid: true, expires at: 1780997427982
[debug] [2026-06-09T08:35:46.929Z] Checked if tokens are valid: true, expires at: 1780997427982
[debug] [2026-06-09T08:35:46.929Z] >>> [apiv2][query] GET https://cloudresourcemanager.googleapis.com/v1/projects/vertey-cf1b9 [none]
[debug] [2026-06-09T08:35:47.156Z] <<< [apiv2][status] GET https://cloudresourcemanager.googleapis.com/v1/projects/vertey-cf1b9 200
[debug] [2026-06-09T08:35:47.156Z] <<< [apiv2][body] GET https://cloudresourcemanager.googleapis.com/v1/projects/vertey-cf1b9 {"projectNumber":"1011722836316","projectId":"vertey-cf1b9","lifecycleState":"ACTIVE","name":"Vertey","labels":{"firebase":"enabled","firebase-core":"disabled"},"createTime":"2026-05-19T21:04:10.860Z"}
[info] i  functions: preparing codebase default for deployment 
[info] i  functions: ensuring required API cloudfunctions.googleapis.com is enabled... 
[info] i  functions: ensuring required API cloudbuild.googleapis.com is enabled... 
[info] i  artifactregistry: ensuring required API artifactregistry.googleapis.com is enabled... 
[debug] [2026-06-09T08:35:47.159Z] Checked if tokens are valid: true, expires at: 1780997427982
[debug] [2026-06-09T08:35:47.159Z] Checked if tokens are valid: true, expires at: 1780997427982
[debug] [2026-06-09T08:35:47.159Z] >>> [apiv2][query] GET https://firebase.googleapis.com/v1beta1/projects/vertey-cf1b9/adminSdkConfig [none]
[debug] [2026-06-09T08:35:47.542Z] <<< [apiv2][status] GET https://firebase.googleapis.com/v1beta1/projects/vertey-cf1b9/adminSdkConfig 200
[debug] [2026-06-09T08:35:47.542Z] <<< [apiv2][body] GET https://firebase.googleapis.com/v1beta1/projects/vertey-cf1b9/adminSdkConfig {"projectId":"vertey-cf1b9","storageBucket":"vertey-cf1b9.firebasestorage.app"}
[debug] [2026-06-09T08:35:47.543Z] Checked if tokens are valid: true, expires at: 1780997427982
[debug] [2026-06-09T08:35:47.543Z] Checked if tokens are valid: true, expires at: 1780997427982
[debug] [2026-06-09T08:35:47.543Z] >>> [apiv2][query] GET https://runtimeconfig.googleapis.com/v1beta1/projects/vertey-cf1b9/configs [none]
[debug] [2026-06-09T08:35:47.869Z] <<< [apiv2][status] GET https://runtimeconfig.googleapis.com/v1beta1/projects/vertey-cf1b9/configs 200
[debug] [2026-06-09T08:35:47.869Z] <<< [apiv2][body] GET https://runtimeconfig.googleapis.com/v1beta1/projects/vertey-cf1b9/configs {}
[debug] [2026-06-09T08:35:47.871Z] Validating nodejs source
[warn] ⚠  functions: package.json indicates an outdated version of firebase-functions. Please upgrade using npm install --save firebase-functions@latest in your functions directory. 
[warn] ⚠  functions: Please note that there will be breaking changes when you upgrade. 
[debug] [2026-06-09T08:35:48.165Z] > [functions] package.json contents: {
  "name": "zoem-functions",
  "main": "lib/index.js",
  "scripts": {
    "build": "tsc",
    "build:watch": "tsc --watch"
  },
  "engines": {
    "node": "22"
  },
  "dependencies": {
    "firebase-admin": "^13.0.0",
    "firebase-functions": "^6.0.0"
  },
  "devDependencies": {
    "typescript": "~5.9.0"
  }
}
[debug] [2026-06-09T08:35:48.165Z] Building nodejs source
[info] i  functions: Loading and analyzing source code for codebase default to determine what to deploy 
[debug] [2026-06-09T08:35:48.165Z] Could not find functions.yaml. Must use http discovery
[debug] [2026-06-09T08:35:48.170Z] Found firebase-functions binary at '/Users/raulgm/Developer/Zoem/Zoem/functions/node_modules/.bin/firebase-functions'
[info] Serving at port 8406

[debug] [2026-06-09T08:35:48.598Z] Got response from /__/functions.yaml {"endpoints":{"elevenLabsWebhook":{"availableMemoryMb":null,"timeoutSeconds":null,"minInstances":null,"maxInstances":null,"ingressSettings":null,"concurrency":null,"serviceAccountEmail":null,"vpc":null,"platform":"gcfv2","secretEnvironmentVariables":[{"key":"ELEVENLABS_WEBHOOK_SECRET"}],"labels":{},"httpsTrigger":{},"entryPoint":"elevenLabsWebhook"}},"specVersion":"v1alpha1","requiredAPIs":[],"extensions":{},"params":[{"type":"secret","name":"ELEVENLABS_WEBHOOK_SECRET"}]}
[info] i  extensions: ensuring required API firebaseextensions.googleapis.com is enabled... 
[debug] [2026-06-09T08:35:52.618Z] Checked if tokens are valid: true, expires at: 1780997427982
[debug] [2026-06-09T08:35:52.618Z] Checked if tokens are valid: true, expires at: 1780997427982
[debug] [2026-06-09T08:35:52.618Z] >>> [apiv2][query] GET https://serviceusage.googleapis.com/v1/projects/vertey-cf1b9/services/firebaseextensions.googleapis.com [none]
[debug] [2026-06-09T08:35:52.618Z] >>> [apiv2][(partial)header] GET https://serviceusage.googleapis.com/v1/projects/vertey-cf1b9/services/firebaseextensions.googleapis.com  x-goog-user-project=vertey-cf1b9
[debug] [2026-06-09T08:35:54.275Z] <<< [apiv2][status] GET https://serviceusage.googleapis.com/v1/projects/vertey-cf1b9/services/firebaseextensions.googleapis.com 200
[debug] [2026-06-09T08:35:54.275Z] <<< [apiv2][body] GET https://serviceusage.googleapis.com/v1/projects/vertey-cf1b9/services/firebaseextensions.googleapis.com [omitted]
[warn] ⚠  extensions: missing required API firebaseextensions.googleapis.com. Enabling now... 
[debug] [2026-06-09T08:35:54.276Z] Checked if tokens are valid: true, expires at: 1780997427982
[debug] [2026-06-09T08:35:54.276Z] Checked if tokens are valid: true, expires at: 1780997427982
[debug] [2026-06-09T08:35:54.276Z] >>> [apiv2][query] POST https://serviceusage.googleapis.com/v1/projects/vertey-cf1b9/services/firebaseextensions.googleapis.com:enable [none]
[debug] [2026-06-09T08:35:54.276Z] >>> [apiv2][(partial)header] POST https://serviceusage.googleapis.com/v1/projects/vertey-cf1b9/services/firebaseextensions.googleapis.com:enable  x-goog-user-project=vertey-cf1b9
[debug] [2026-06-09T08:35:55.555Z] <<< [apiv2][status] POST https://serviceusage.googleapis.com/v1/projects/vertey-cf1b9/services/firebaseextensions.googleapis.com:enable 200
[debug] [2026-06-09T08:35:55.555Z] <<< [apiv2][body] POST https://serviceusage.googleapis.com/v1/projects/vertey-cf1b9/services/firebaseextensions.googleapis.com:enable [omitted]
[debug] [2026-06-09T08:36:05.566Z] > command requires scopes: ["email","openid","https://www.googleapis.com/auth/cloudplatformprojects.readonly","https://www.googleapis.com/auth/firebase","https://www.googleapis.com/auth/cloud-platform"]
[debug] [2026-06-09T08:36:05.566Z] > authorizing via signed-in user (apaladario@gmail.com)
[debug] [2026-06-09T08:36:05.566Z] [iam] checking project vertey-cf1b9 for permissions ["firebase.projects.get","firebaseextensions.instances.list"]
[debug] [2026-06-09T08:36:05.567Z] Checked if tokens are valid: true, expires at: 1780997427982
[debug] [2026-06-09T08:36:05.567Z] Checked if tokens are valid: true, expires at: 1780997427982
[debug] [2026-06-09T08:36:05.567Z] >>> [apiv2][query] POST https://cloudresourcemanager.googleapis.com/v1/projects/vertey-cf1b9:testIamPermissions [none]
[debug] [2026-06-09T08:36:05.567Z] >>> [apiv2][(partial)header] POST https://cloudresourcemanager.googleapis.com/v1/projects/vertey-cf1b9:testIamPermissions  x-goog-user-project=vertey-cf1b9
[debug] [2026-06-09T08:36:05.567Z] >>> [apiv2][body] POST https://cloudresourcemanager.googleapis.com/v1/projects/vertey-cf1b9:testIamPermissions {"permissions":["firebase.projects.get","firebaseextensions.instances.list"]}
[debug] [2026-06-09T08:36:06.461Z] <<< [apiv2][status] POST https://cloudresourcemanager.googleapis.com/v1/projects/vertey-cf1b9:testIamPermissions 200
[debug] [2026-06-09T08:36:06.461Z] <<< [apiv2][body] POST https://cloudresourcemanager.googleapis.com/v1/projects/vertey-cf1b9:testIamPermissions {"permissions":["firebase.projects.get","firebaseextensions.instances.list"]}
[debug] [2026-06-09T08:36:06.461Z] Checked if tokens are valid: true, expires at: 1780997427982
[debug] [2026-06-09T08:36:06.461Z] Checked if tokens are valid: true, expires at: 1780997427982
[debug] [2026-06-09T08:36:06.463Z] >>> [apiv2][query] GET https://firebaseextensions.googleapis.com/v1beta/projects/vertey-cf1b9/instances pageSize=100&pageToken=
[debug] [2026-06-09T08:36:08.757Z] <<< [apiv2][status] GET https://firebaseextensions.googleapis.com/v1beta/projects/vertey-cf1b9/instances 200
[debug] [2026-06-09T08:36:08.757Z] <<< [apiv2][body] GET https://firebaseextensions.googleapis.com/v1beta/projects/vertey-cf1b9/instances {}
[debug] [2026-06-09T08:36:08.759Z] Checked if tokens are valid: true, expires at: 1780997427982
[debug] [2026-06-09T08:36:08.759Z] Checked if tokens are valid: true, expires at: 1780997427982
[debug] [2026-06-09T08:36:08.759Z] >>> [apiv2][query] GET https://secretmanager.googleapis.com/v1/projects/vertey-cf1b9/secrets/ELEVENLABS_WEBHOOK_SECRET [none]
[debug] [2026-06-09T08:36:09.205Z] <<< [apiv2][status] GET https://secretmanager.googleapis.com/v1/projects/vertey-cf1b9/secrets/ELEVENLABS_WEBHOOK_SECRET 200
[debug] [2026-06-09T08:36:09.206Z] <<< [apiv2][body] GET https://secretmanager.googleapis.com/v1/projects/vertey-cf1b9/secrets/ELEVENLABS_WEBHOOK_SECRET {"name":"projects/1011722836316/secrets/ELEVENLABS_WEBHOOK_SECRET","replication":{"automatic":{}},"createTime":"2026-06-09T08:31:31.325515Z","labels":{"firebase-managed":"functions"},"etag":"\"1653cdf44e5e73\""}
[debug] [2026-06-09T08:36:09.206Z] Checked if tokens are valid: true, expires at: 1780997427982
[debug] [2026-06-09T08:36:09.207Z] Checked if tokens are valid: true, expires at: 1780997427982
[debug] [2026-06-09T08:36:09.207Z] >>> [apiv2][query] GET https://secretmanager.googleapis.com/v1/projects/vertey-cf1b9/secrets/ELEVENLABS_WEBHOOK_SECRET/versions/latest [none]
[debug] [2026-06-09T08:36:09.421Z] <<< [apiv2][status] GET https://secretmanager.googleapis.com/v1/projects/vertey-cf1b9/secrets/ELEVENLABS_WEBHOOK_SECRET/versions/latest 200
[debug] [2026-06-09T08:36:09.421Z] <<< [apiv2][body] GET https://secretmanager.googleapis.com/v1/projects/vertey-cf1b9/secrets/ELEVENLABS_WEBHOOK_SECRET/versions/latest {"name":"projects/1011722836316/secrets/ELEVENLABS_WEBHOOK_SECRET/versions/1","createTime":"2026-06-09T08:31:37.066904Z","state":"ENABLED","replicationStatus":{"automatic":{}},"etag":"\"1653cdf494f198\""}
[info] i  functions: preparing functions directory for uploading... 
[info] i  functions: packaged /Users/raulgm/Developer/Zoem/Zoem/functions (35.62 KB) for uploading 
[debug] [2026-06-09T08:36:09.467Z] Checked if tokens are valid: true, expires at: 1780997427982
[debug] [2026-06-09T08:36:09.467Z] Checked if tokens are valid: true, expires at: 1780997427982
[debug] [2026-06-09T08:36:09.467Z] >>> [apiv2][query] GET https://cloudfunctions.googleapis.com/v1/projects/vertey-cf1b9/locations/-/functions [none]
[debug] [2026-06-09T08:36:10.201Z] <<< [apiv2][status] GET https://cloudfunctions.googleapis.com/v1/projects/vertey-cf1b9/locations/-/functions 200
[debug] [2026-06-09T08:36:10.201Z] <<< [apiv2][body] GET https://cloudfunctions.googleapis.com/v1/projects/vertey-cf1b9/locations/-/functions {}
[debug] [2026-06-09T08:36:10.201Z] Checked if tokens are valid: true, expires at: 1780997427982
[debug] [2026-06-09T08:36:10.201Z] Checked if tokens are valid: true, expires at: 1780997427982
[debug] [2026-06-09T08:36:10.201Z] >>> [apiv2][query] GET https://cloudfunctions.googleapis.com/v2/projects/vertey-cf1b9/locations/-/functions filter=environment%3D%22GEN_2%22
[debug] [2026-06-09T08:36:11.255Z] <<< [apiv2][status] GET https://cloudfunctions.googleapis.com/v2/projects/vertey-cf1b9/locations/-/functions 200
[debug] [2026-06-09T08:36:11.255Z] <<< [apiv2][body] GET https://cloudfunctions.googleapis.com/v2/projects/vertey-cf1b9/locations/-/functions {}
[info] i  functions: ensuring required API run.googleapis.com is enabled... 
[debug] [2026-06-09T08:36:11.258Z] Checked if tokens are valid: true, expires at: 1780997427982
[debug] [2026-06-09T08:36:11.258Z] Checked if tokens are valid: true, expires at: 1780997427982
[info] i  functions: ensuring required API eventarc.googleapis.com is enabled... 
[debug] [2026-06-09T08:36:11.258Z] Checked if tokens are valid: true, expires at: 1780997427982
[debug] [2026-06-09T08:36:11.258Z] Checked if tokens are valid: true, expires at: 1780997427982
[info] i  functions: ensuring required API pubsub.googleapis.com is enabled... 
[debug] [2026-06-09T08:36:11.258Z] Checked if tokens are valid: true, expires at: 1780997427982
[debug] [2026-06-09T08:36:11.258Z] Checked if tokens are valid: true, expires at: 1780997427982
[info] i  functions: ensuring required API storage.googleapis.com is enabled... 
[debug] [2026-06-09T08:36:11.259Z] Checked if tokens are valid: true, expires at: 1780997427982
[debug] [2026-06-09T08:36:11.259Z] Checked if tokens are valid: true, expires at: 1780997427982
[debug] [2026-06-09T08:36:11.259Z] >>> [apiv2][query] GET https://serviceusage.googleapis.com/v1/projects/1011722836316/services/run.googleapis.com [none]
[debug] [2026-06-09T08:36:11.259Z] >>> [apiv2][(partial)header] GET https://serviceusage.googleapis.com/v1/projects/1011722836316/services/run.googleapis.com  x-goog-user-project=1011722836316
[debug] [2026-06-09T08:36:11.261Z] >>> [apiv2][query] GET https://serviceusage.googleapis.com/v1/projects/1011722836316/services/eventarc.googleapis.com [none]
[debug] [2026-06-09T08:36:11.261Z] >>> [apiv2][(partial)header] GET https://serviceusage.googleapis.com/v1/projects/1011722836316/services/eventarc.googleapis.com  x-goog-user-project=1011722836316
[debug] [2026-06-09T08:36:11.262Z] >>> [apiv2][query] GET https://serviceusage.googleapis.com/v1/projects/1011722836316/services/pubsub.googleapis.com [none]
[debug] [2026-06-09T08:36:11.262Z] >>> [apiv2][(partial)header] GET https://serviceusage.googleapis.com/v1/projects/1011722836316/services/pubsub.googleapis.com  x-goog-user-project=1011722836316
[debug] [2026-06-09T08:36:11.263Z] >>> [apiv2][query] GET https://serviceusage.googleapis.com/v1/projects/1011722836316/services/storage.googleapis.com [none]
[debug] [2026-06-09T08:36:11.263Z] >>> [apiv2][(partial)header] GET https://serviceusage.googleapis.com/v1/projects/1011722836316/services/storage.googleapis.com  x-goog-user-project=1011722836316
[debug] [2026-06-09T08:36:12.337Z] <<< [apiv2][status] GET https://serviceusage.googleapis.com/v1/projects/1011722836316/services/eventarc.googleapis.com 200
[debug] [2026-06-09T08:36:12.337Z] <<< [apiv2][body] GET https://serviceusage.googleapis.com/v1/projects/1011722836316/services/eventarc.googleapis.com [omitted]
[warn] ⚠  functions: missing required API eventarc.googleapis.com. Enabling now... 
[debug] [2026-06-09T08:36:12.337Z] Checked if tokens are valid: true, expires at: 1780997427982
[debug] [2026-06-09T08:36:12.337Z] Checked if tokens are valid: true, expires at: 1780997427982
[debug] [2026-06-09T08:36:12.337Z] >>> [apiv2][query] POST https://serviceusage.googleapis.com/v1/projects/1011722836316/services/eventarc.googleapis.com:enable [none]
[debug] [2026-06-09T08:36:12.337Z] >>> [apiv2][(partial)header] POST https://serviceusage.googleapis.com/v1/projects/1011722836316/services/eventarc.googleapis.com:enable  x-goog-user-project=1011722836316
[debug] [2026-06-09T08:36:12.342Z] <<< [apiv2][status] GET https://serviceusage.googleapis.com/v1/projects/1011722836316/services/storage.googleapis.com 200
[debug] [2026-06-09T08:36:12.342Z] <<< [apiv2][body] GET https://serviceusage.googleapis.com/v1/projects/1011722836316/services/storage.googleapis.com [omitted]
[info] ✔  functions: required API storage.googleapis.com is enabled 
[debug] [2026-06-09T08:36:12.351Z] <<< [apiv2][status] GET https://serviceusage.googleapis.com/v1/projects/1011722836316/services/run.googleapis.com 200
[debug] [2026-06-09T08:36:12.351Z] <<< [apiv2][body] GET https://serviceusage.googleapis.com/v1/projects/1011722836316/services/run.googleapis.com [omitted]
[warn] ⚠  functions: missing required API run.googleapis.com. Enabling now... 
[debug] [2026-06-09T08:36:12.351Z] Checked if tokens are valid: true, expires at: 1780997427982
[debug] [2026-06-09T08:36:12.351Z] Checked if tokens are valid: true, expires at: 1780997427982
[debug] [2026-06-09T08:36:12.352Z] >>> [apiv2][query] POST https://serviceusage.googleapis.com/v1/projects/1011722836316/services/run.googleapis.com:enable [none]
[debug] [2026-06-09T08:36:12.352Z] >>> [apiv2][(partial)header] POST https://serviceusage.googleapis.com/v1/projects/1011722836316/services/run.googleapis.com:enable  x-goog-user-project=1011722836316
[debug] [2026-06-09T08:36:12.357Z] <<< [apiv2][status] GET https://serviceusage.googleapis.com/v1/projects/1011722836316/services/pubsub.googleapis.com 200
[debug] [2026-06-09T08:36:12.357Z] <<< [apiv2][body] GET https://serviceusage.googleapis.com/v1/projects/1011722836316/services/pubsub.googleapis.com [omitted]
[info] ✔  functions: required API pubsub.googleapis.com is enabled 
[debug] [2026-06-09T08:36:13.615Z] <<< [apiv2][status] POST https://serviceusage.googleapis.com/v1/projects/1011722836316/services/run.googleapis.com:enable 200
[debug] [2026-06-09T08:36:13.615Z] <<< [apiv2][body] POST https://serviceusage.googleapis.com/v1/projects/1011722836316/services/run.googleapis.com:enable [omitted]
[debug] [2026-06-09T08:36:13.756Z] <<< [apiv2][status] POST https://serviceusage.googleapis.com/v1/projects/1011722836316/services/eventarc.googleapis.com:enable 200
[debug] [2026-06-09T08:36:13.756Z] <<< [apiv2][body] POST https://serviceusage.googleapis.com/v1/projects/1011722836316/services/eventarc.googleapis.com:enable [omitted]
[info] i  functions: generating the service identity for pubsub.googleapis.com... 
[debug] [2026-06-09T08:36:23.766Z] Checked if tokens are valid: true, expires at: 1780997427982
[debug] [2026-06-09T08:36:23.766Z] Checked if tokens are valid: true, expires at: 1780997427982
[info] i  functions: generating the service identity for eventarc.googleapis.com... 
[debug] [2026-06-09T08:36:23.767Z] Checked if tokens are valid: true, expires at: 1780997427982
[debug] [2026-06-09T08:36:23.767Z] Checked if tokens are valid: true, expires at: 1780997427982
[debug] [2026-06-09T08:36:23.767Z] >>> [apiv2][query] POST https://serviceusage.googleapis.com/v1beta1/projects/1011722836316/services/pubsub.googleapis.com:generateServiceIdentity [none]
[debug] [2026-06-09T08:36:23.767Z] >>> [apiv2][(partial)header] POST https://serviceusage.googleapis.com/v1beta1/projects/1011722836316/services/pubsub.googleapis.com:generateServiceIdentity  x-goog-user-project=1011722836316
[debug] [2026-06-09T08:36:23.767Z] >>> [apiv2][body] POST https://serviceusage.googleapis.com/v1beta1/projects/1011722836316/services/pubsub.googleapis.com:generateServiceIdentity {}
[debug] [2026-06-09T08:36:23.770Z] >>> [apiv2][query] POST https://serviceusage.googleapis.com/v1beta1/projects/1011722836316/services/eventarc.googleapis.com:generateServiceIdentity [none]
[debug] [2026-06-09T08:36:23.770Z] >>> [apiv2][(partial)header] POST https://serviceusage.googleapis.com/v1beta1/projects/1011722836316/services/eventarc.googleapis.com:generateServiceIdentity  x-goog-user-project=1011722836316
[debug] [2026-06-09T08:36:23.770Z] >>> [apiv2][body] POST https://serviceusage.googleapis.com/v1beta1/projects/1011722836316/services/eventarc.googleapis.com:generateServiceIdentity {}
[debug] [2026-06-09T08:36:25.250Z] <<< [apiv2][status] POST https://serviceusage.googleapis.com/v1beta1/projects/1011722836316/services/eventarc.googleapis.com:generateServiceIdentity 200
[debug] [2026-06-09T08:36:25.250Z] <<< [apiv2][body] POST https://serviceusage.googleapis.com/v1beta1/projects/1011722836316/services/eventarc.googleapis.com:generateServiceIdentity {"name":"operations/finished.DONE_OPERATION","done":true,"response":{"@type":"type.googleapis.com/google.api.serviceusage.v1beta1.ServiceIdentity","email":"service-1011722836316@gcp-sa-eventarc.iam.gserviceaccount.com","uniqueId":"110958607948192226282"}}
[debug] [2026-06-09T08:36:25.352Z] <<< [apiv2][status] POST https://serviceusage.googleapis.com/v1beta1/projects/1011722836316/services/pubsub.googleapis.com:generateServiceIdentity 200
[debug] [2026-06-09T08:36:25.353Z] <<< [apiv2][body] POST https://serviceusage.googleapis.com/v1beta1/projects/1011722836316/services/pubsub.googleapis.com:generateServiceIdentity {"name":"operations/finished.DONE_OPERATION","done":true,"response":{"@type":"type.googleapis.com/google.api.serviceusage.v1beta1.ServiceIdentity","email":"service-1011722836316@gcp-sa-pubsub.iam.gserviceaccount.com","uniqueId":"110777018645457085641"}}
[info] i  functions: ensuring required API secretmanager.googleapis.com is enabled... 
[debug] [2026-06-09T08:36:25.354Z] Checked if tokens are valid: true, expires at: 1780997427982
[debug] [2026-06-09T08:36:25.354Z] Checked if tokens are valid: true, expires at: 1780997427982
[debug] [2026-06-09T08:36:25.354Z] >>> [apiv2][query] GET https://serviceusage.googleapis.com/v1/projects/1011722836316/services/secretmanager.googleapis.com [none]
[debug] [2026-06-09T08:36:25.354Z] >>> [apiv2][(partial)header] GET https://serviceusage.googleapis.com/v1/projects/1011722836316/services/secretmanager.googleapis.com  x-goog-user-project=1011722836316
[debug] [2026-06-09T08:36:26.352Z] <<< [apiv2][status] GET https://serviceusage.googleapis.com/v1/projects/1011722836316/services/secretmanager.googleapis.com 200
[debug] [2026-06-09T08:36:26.352Z] <<< [apiv2][body] GET https://serviceusage.googleapis.com/v1/projects/1011722836316/services/secretmanager.googleapis.com [omitted]
[info] ✔  functions: required API secretmanager.googleapis.com is enabled 
[debug] [2026-06-09T08:36:26.360Z] Checked if tokens are valid: true, expires at: 1780997427982
[debug] [2026-06-09T08:36:26.360Z] Checked if tokens are valid: true, expires at: 1780997427982
[debug] [2026-06-09T08:36:26.361Z] >>> [apiv2][query] GET https://secretmanager.googleapis.com/v1/projects/vertey-cf1b9/secrets/ELEVENLABS_WEBHOOK_SECRET/versions/latest [none]
[debug] [2026-06-09T08:36:26.785Z] <<< [apiv2][status] GET https://secretmanager.googleapis.com/v1/projects/vertey-cf1b9/secrets/ELEVENLABS_WEBHOOK_SECRET/versions/latest 200
[debug] [2026-06-09T08:36:26.785Z] <<< [apiv2][body] GET https://secretmanager.googleapis.com/v1/projects/vertey-cf1b9/secrets/ELEVENLABS_WEBHOOK_SECRET/versions/latest {"name":"projects/1011722836316/secrets/ELEVENLABS_WEBHOOK_SECRET/versions/1","createTime":"2026-06-09T08:31:37.066904Z","state":"ENABLED","replicationStatus":{"automatic":{}},"etag":"\"1653cdf494f198\""}
[debug] [2026-06-09T08:36:26.786Z] Resolved secret version of ELEVENLABS_WEBHOOK_SECRET to 1.
[debug] [2026-06-09T08:36:26.787Z] Checked if tokens are valid: true, expires at: 1780997427982
[debug] [2026-06-09T08:36:26.787Z] Checked if tokens are valid: true, expires at: 1780997427982
[debug] [2026-06-09T08:36:26.787Z] >>> [apiv2][query] GET https://cloudresourcemanager.googleapis.com/v1/projects/vertey-cf1b9 [none]
[debug] [2026-06-09T08:36:27.702Z] <<< [apiv2][status] GET https://cloudresourcemanager.googleapis.com/v1/projects/vertey-cf1b9 200
[debug] [2026-06-09T08:36:27.703Z] <<< [apiv2][body] GET https://cloudresourcemanager.googleapis.com/v1/projects/vertey-cf1b9 {"projectNumber":"1011722836316","projectId":"vertey-cf1b9","lifecycleState":"ACTIVE","name":"Vertey","labels":{"firebase":"enabled","firebase-core":"disabled"},"createTime":"2026-05-19T21:04:10.860Z"}
[debug] [2026-06-09T08:36:27.703Z] Checked if tokens are valid: true, expires at: 1780997427982
[debug] [2026-06-09T08:36:27.703Z] Checked if tokens are valid: true, expires at: 1780997427982
[debug] [2026-06-09T08:36:27.703Z] >>> [apiv2][query] GET https://compute.googleapis.com/compute/v1/projects/1011722836316 [none]
[debug] [2026-06-09T08:36:28.036Z] <<< [apiv2][status] GET https://compute.googleapis.com/compute/v1/projects/1011722836316 403
[debug] [2026-06-09T08:36:28.036Z] <<< [apiv2][body] GET https://compute.googleapis.com/compute/v1/projects/1011722836316 {"error":{"code":403,"message":"Compute Engine API has not been used in project 1011722836316 before or it is disabled. Enable it by visiting https://console.developers.google.com/apis/api/compute.googleapis.com/overview?project=1011722836316 then retry. If you enabled this API recently, wait a few minutes for the action to propagate to our systems and retry.","errors":[{"message":"Compute Engine API has not been used in project 1011722836316 before or it is disabled. Enable it by visiting https://console.developers.google.com/apis/api/compute.googleapis.com/overview?project=1011722836316 then retry. If you enabled this API recently, wait a few minutes for the action to propagate to our systems and retry.","domain":"usageLimits","reason":"accessNotConfigured","extendedHelp":"https://console.developers.google.com"}],"status":"PERMISSION_DENIED","details":[{"@type":"type.googleapis.com/google.rpc.ErrorInfo","reason":"SERVICE_DISABLED","domain":"googleapis.com","metadata":{"activationUrl":"https://console.developers.google.com/apis/api/compute.googleapis.com/overview?project=1011722836316","serviceTitle":"Compute Engine API","service":"compute.googleapis.com","consumer":"projects/1011722836316","containerInfo":"1011722836316"}},{"@type":"type.googleapis.com/google.rpc.LocalizedMessage","locale":"en-US","message":"Compute Engine API has not been used in project 1011722836316 before or it is disabled. Enable it by visiting https://console.developers.google.com/apis/api/compute.googleapis.com/overview?project=1011722836316 then retry. If you enabled this API recently, wait a few minutes for the action to propagate to our systems and retry."},{"@type":"type.googleapis.com/google.rpc.Help","links":[{"description":"Google developers console API activation","url":"https://console.developers.google.com/apis/api/compute.googleapis.com/overview?project=1011722836316"}]}]}}
[debug] [2026-06-09T08:36:28.037Z] unable to look up default compute service account. Falling back to 1011722836316-compute@developer.gserviceaccount.com. Error: {"name":"FirebaseError","children":[],"context":{"body":{"error":{"code":403,"message":"Compute Engine API has not been used in project 1011722836316 before or it is disabled. Enable it by visiting https://console.developers.google.com/apis/api/compute.googleapis.com/overview?project=1011722836316 then retry. If you enabled this API recently, wait a few minutes for the action to propagate to our systems and retry.","errors":[{"message":"Compute Engine API has not been used in project 1011722836316 before or it is disabled. Enable it by visiting https://console.developers.google.com/apis/api/compute.googleapis.com/overview?project=1011722836316 then retry. If you enabled this API recently, wait a few minutes for the action to propagate to our systems and retry.","domain":"usageLimits","reason":"accessNotConfigured","extendedHelp":"https://console.developers.google.com"}],"status":"PERMISSION_DENIED","details":[{"@type":"type.googleapis.com/google.rpc.ErrorInfo","reason":"SERVICE_DISABLED","domain":"googleapis.com","metadata":{"activationUrl":"https://console.developers.google.com/apis/api/compute.googleapis.com/overview?project=1011722836316","serviceTitle":"Compute Engine API","service":"compute.googleapis.com","consumer":"projects/1011722836316","containerInfo":"1011722836316"}},{"@type":"type.googleapis.com/google.rpc.LocalizedMessage","locale":"en-US","message":"Compute Engine API has not been used in project 1011722836316 before or it is disabled. Enable it by visiting https://console.developers.google.com/apis/api/compute.googleapis.com/overview?project=1011722836316 then retry. If you enabled this API recently, wait a few minutes for the action to propagate to our systems and retry."},{"@type":"type.googleapis.com/google.rpc.Help","links":[{"description":"Google developers console API activation","url":"https://console.developers.google.com/apis/api/compute.googleapis.com/overview?project=1011722836316"}]}]}},"response":{"statusCode":403}},"exit":1,"message":"Request to https://compute.googleapis.com/compute/v1/projects/1011722836316 had HTTP Error: 403, Compute Engine API has not been used in project 1011722836316 before or it is disabled. Enable it by visiting https://console.developers.google.com/apis/api/compute.googleapis.com/overview?project=1011722836316 then retry. If you enabled this API recently, wait a few minutes for the action to propagate to our systems and retry.","status":403}
[info] i  functions: ensuring 1011722836316-compute@developer.gserviceaccount.com access to secret ELEVENLABS_WEBHOOK_SECRET. 
[debug] [2026-06-09T08:36:28.038Z] Checked if tokens are valid: true, expires at: 1780997427982
[debug] [2026-06-09T08:36:28.038Z] Checked if tokens are valid: true, expires at: 1780997427982
[debug] [2026-06-09T08:36:28.038Z] >>> [apiv2][query] GET https://secretmanager.googleapis.com/v1/projects/vertey-cf1b9/secrets/ELEVENLABS_WEBHOOK_SECRET:getIamPolicy [none]
[debug] [2026-06-09T08:36:28.399Z] <<< [apiv2][status] GET https://secretmanager.googleapis.com/v1/projects/vertey-cf1b9/secrets/ELEVENLABS_WEBHOOK_SECRET:getIamPolicy 200
[debug] [2026-06-09T08:36:28.399Z] <<< [apiv2][body] GET https://secretmanager.googleapis.com/v1/projects/vertey-cf1b9/secrets/ELEVENLABS_WEBHOOK_SECRET:getIamPolicy {"etag":"ACAB"}
[debug] [2026-06-09T08:36:28.400Z] Checked if tokens are valid: true, expires at: 1780997427982
[debug] [2026-06-09T08:36:28.400Z] Checked if tokens are valid: true, expires at: 1780997427982
[debug] [2026-06-09T08:36:28.400Z] >>> [apiv2][query] POST https://secretmanager.googleapis.com/v1/projects/vertey-cf1b9/secrets/ELEVENLABS_WEBHOOK_SECRET:setIamPolicy [none]
[debug] [2026-06-09T08:36:28.400Z] >>> [apiv2][body] POST https://secretmanager.googleapis.com/v1/projects/vertey-cf1b9/secrets/ELEVENLABS_WEBHOOK_SECRET:setIamPolicy {"policy":{"bindings":[{"role":"roles/secretmanager.secretAccessor","members":["serviceAccount:1011722836316-compute@developer.gserviceaccount.com"]}]},"updateMask":"bindings"}
[debug] [2026-06-09T08:36:28.969Z] <<< [apiv2][status] POST https://secretmanager.googleapis.com/v1/projects/vertey-cf1b9/secrets/ELEVENLABS_WEBHOOK_SECRET:setIamPolicy 200
[debug] [2026-06-09T08:36:28.969Z] <<< [apiv2][body] POST https://secretmanager.googleapis.com/v1/projects/vertey-cf1b9/secrets/ELEVENLABS_WEBHOOK_SECRET:setIamPolicy {"version":1,"etag":"BwZTzgX8yPI=","bindings":[{"role":"roles/secretmanager.secretAccessor","members":["serviceAccount:1011722836316-compute@developer.gserviceaccount.com"]}]}
[info] ✔  secretmanager: Granted roles/secretmanager.secretAccessor on projects/vertey-cf1b9/secrets/ELEVENLABS_WEBHOOK_SECRET to 1011722836316-compute@developer.gserviceaccount.com 
[info] ✔  functions: ensured 1011722836316-compute@developer.gserviceaccount.com access to ELEVENLABS_WEBHOOK_SECRET. 
[debug] [2026-06-09T08:36:28.971Z] Checked if tokens are valid: true, expires at: 1780997427982
[debug] [2026-06-09T08:36:28.971Z] Checked if tokens are valid: true, expires at: 1780997427982
[debug] [2026-06-09T08:36:28.971Z] >>> [apiv2][query] GET https://cloudbilling.googleapis.com/v1/projects/vertey-cf1b9/billingInfo [none]
[debug] [2026-06-09T08:36:29.350Z] <<< [apiv2][status] GET https://cloudbilling.googleapis.com/v1/projects/vertey-cf1b9/billingInfo 200
[debug] [2026-06-09T08:36:29.350Z] <<< [apiv2][body] GET https://cloudbilling.googleapis.com/v1/projects/vertey-cf1b9/billingInfo {"name":"projects/vertey-cf1b9/billingInfo","projectId":"vertey-cf1b9","billingAccountName":"billingAccounts/0104AD-E4EF45-5F4899","billingEnabled":true}
[debug] [2026-06-09T08:36:29.351Z] [functions] found 1 new HTTP functions, testing setIamPolicy permission...
[debug] [2026-06-09T08:36:29.352Z] Checked if tokens are valid: true, expires at: 1780997427982
[debug] [2026-06-09T08:36:29.352Z] Checked if tokens are valid: true, expires at: 1780997427982
[debug] [2026-06-09T08:36:29.352Z] >>> [apiv2][query] POST https://cloudresourcemanager.googleapis.com/v1/projects/vertey-cf1b9:testIamPermissions [none]
[debug] [2026-06-09T08:36:29.352Z] >>> [apiv2][(partial)header] POST https://cloudresourcemanager.googleapis.com/v1/projects/vertey-cf1b9:testIamPermissions  x-goog-user-project=vertey-cf1b9
[debug] [2026-06-09T08:36:29.352Z] >>> [apiv2][body] POST https://cloudresourcemanager.googleapis.com/v1/projects/vertey-cf1b9:testIamPermissions {"permissions":["cloudfunctions.functions.setIamPolicy"]}
[debug] [2026-06-09T08:36:29.520Z] <<< [apiv2][status] POST https://cloudresourcemanager.googleapis.com/v1/projects/vertey-cf1b9:testIamPermissions 200
[debug] [2026-06-09T08:36:29.520Z] <<< [apiv2][body] POST https://cloudresourcemanager.googleapis.com/v1/projects/vertey-cf1b9:testIamPermissions {"permissions":["cloudfunctions.functions.setIamPolicy"]}
[debug] [2026-06-09T08:36:29.520Z] [functions] found setIamPolicy permission, proceeding with deploy
[debug] [2026-06-09T08:36:29.522Z] Checked if tokens are valid: true, expires at: 1780997427982
[debug] [2026-06-09T08:36:29.522Z] Checked if tokens are valid: true, expires at: 1780997427982
[debug] [2026-06-09T08:36:29.523Z] >>> [apiv2][query] POST https://cloudfunctions.googleapis.com/v2/projects/vertey-cf1b9/locations/us-central1/functions:generateUploadUrl [none]
[debug] [2026-06-09T08:36:31.379Z] <<< [apiv2][status] POST https://cloudfunctions.googleapis.com/v2/projects/vertey-cf1b9/locations/us-central1/functions:generateUploadUrl 200
[debug] [2026-06-09T08:36:31.379Z] <<< [apiv2][body] POST https://cloudfunctions.googleapis.com/v2/projects/vertey-cf1b9/locations/us-central1/functions:generateUploadUrl {"uploadUrl":"https://storage.googleapis.com/gcf-v2-uploads-1011722836316.us-central1.cloudfunctions.appspot.com/63723232-53a3-4f14-b7c2-ae2eade80613.zip?GoogleAccessId=service-1011722836316@gcf-admin-robot.iam.gserviceaccount.com&Expires=1780995991&Signature=RZYbDjTFmxjuNGy%2Fze%2FGh5pose9UZDeTjMhBZJkeivphcSfiAIamtygKI4MLM6XhYAYsu9qvvH6k8lCLD2hmUATsMPvlQVJoVcwvqK1WK5evLsYc4lhfdDrbvIQmaU48gN7cxUQGBBwzzNgkhP%2F4fwm77L1doYMa0nFvg6EjvvsR9rRUCVulqm4UEgciQCcy9NMSUG8WNOAXiTWru97NOOCDMm3iWUnY7umbHh%2BFb2SvXN7dNjWtTG0Yi6HGzbcaY2q59bPGP%2F1CSLCaYhmSrXfApQqI9ES7mg3XDEtaTvRCCZGxlA%2B%2B49E3SLlT6NWRTZ8o4qaEgCtELzx77x7shA%3D%3D","storageSource":{"bucket":"gcf-v2-uploads-1011722836316.us-central1.cloudfunctions.appspot.com","object":"63723232-53a3-4f14-b7c2-ae2eade80613.zip"}}
[debug] [2026-06-09T08:36:31.380Z] >>> [apiv2][query] PUT https://storage.googleapis.com/gcf-v2-uploads-1011722836316.us-central1.cloudfunctions.appspot.com/63723232-53a3-4f14-b7c2-ae2eade80613.zip GoogleAccessId=service-1011722836316%40gcf-admin-robot.iam.gserviceaccount.com&Expires=1780995991&Signature=RZYbDjTFmxjuNGy%2Fze%2FGh5pose9UZDeTjMhBZJkeivphcSfiAIamtygKI4MLM6XhYAYsu9qvvH6k8lCLD2hmUATsMPvlQVJoVcwvqK1WK5evLsYc4lhfdDrbvIQmaU48gN7cxUQGBBwzzNgkhP%2F4fwm77L1doYMa0nFvg6EjvvsR9rRUCVulqm4UEgciQCcy9NMSUG8WNOAXiTWru97NOOCDMm3iWUnY7umbHh%2BFb2SvXN7dNjWtTG0Yi6HGzbcaY2q59bPGP%2F1CSLCaYhmSrXfApQqI9ES7mg3XDEtaTvRCCZGxlA%2B%2B49E3SLlT6NWRTZ8o4qaEgCtELzx77x7shA%3D%3D
[debug] [2026-06-09T08:36:31.380Z] >>> [apiv2][body] PUT https://storage.googleapis.com/gcf-v2-uploads-1011722836316.us-central1.cloudfunctions.appspot.com/63723232-53a3-4f14-b7c2-ae2eade80613.zip [stream]
[debug] [2026-06-09T08:36:31.914Z] <<< [apiv2][status] PUT https://storage.googleapis.com/gcf-v2-uploads-1011722836316.us-central1.cloudfunctions.appspot.com/63723232-53a3-4f14-b7c2-ae2eade80613.zip 200
[debug] [2026-06-09T08:36:31.914Z] <<< [apiv2][body] PUT https://storage.googleapis.com/gcf-v2-uploads-1011722836316.us-central1.cloudfunctions.appspot.com/63723232-53a3-4f14-b7c2-ae2eade80613.zip [omitted]
[info] ✔  functions: functions source uploaded successfully 
[info] i  functions: creating Node.js 22 (2nd Gen) function elevenLabsWebhook(us-central1)... 
[debug] [2026-06-09T08:36:31.918Z] Checked if tokens are valid: true, expires at: 1780997427982
[debug] [2026-06-09T08:36:31.918Z] Checked if tokens are valid: true, expires at: 1780997427982
[debug] [2026-06-09T08:36:31.918Z] >>> [apiv2][query] POST https://cloudfunctions.googleapis.com/v2/projects/vertey-cf1b9/locations/us-central1/functions functionId=elevenLabsWebhook
[debug] [2026-06-09T08:36:31.918Z] >>> [apiv2][body] POST https://cloudfunctions.googleapis.com/v2/projects/vertey-cf1b9/locations/us-central1/functions {"name":"projects/vertey-cf1b9/locations/us-central1/functions/elevenLabsWebhook","buildConfig":{"runtime":"nodejs22","entryPoint":"elevenLabsWebhook","source":{"storageSource":{"bucket":"gcf-v2-uploads-1011722836316.us-central1.cloudfunctions.appspot.com","object":"63723232-53a3-4f14-b7c2-ae2eade80613.zip"}},"environmentVariables":{"GOOGLE_NODE_RUN_SCRIPTS":""}},"serviceConfig":{"environmentVariables":{"FIREBASE_CONFIG":"{\"projectId\":\"vertey-cf1b9\",\"storageBucket\":\"vertey-cf1b9.firebasestorage.app\"}","GCLOUD_PROJECT":"vertey-cf1b9","EVENTARC_CLOUD_EVENT_SOURCE":"projects/vertey-cf1b9/locations/us-central1/services/elevenLabsWebhook","FUNCTION_TARGET":"elevenLabsWebhook","LOG_EXECUTION_ID":"true"},"secretEnvironmentVariables":[{"key":"ELEVENLABS_WEBHOOK_SECRET","secret":"ELEVENLABS_WEBHOOK_SECRET","projectId":"vertey-cf1b9","version":"1"}],"ingressSettings":null,"timeoutSeconds":null,"serviceAccountEmail":null,"availableMemory":"256Mi","minInstanceCount":null,"maxInstanceCount":null,"maxInstanceRequestConcurrency":80,"availableCpu":"1","vpcConnector":null,"vpcConnectorEgressSettings":null,"directVpcNetworkInterface":null,"directVpcEgress":null},"labels":{"deployment-tool":"cli-firebase","firebase-functions-hash":"c5684094271f3a060cdacd3cd21cf81bcb0ef631"}}
[debug] [2026-06-09T08:36:33.367Z] <<< [apiv2][status] POST https://cloudfunctions.googleapis.com/v2/projects/vertey-cf1b9/locations/us-central1/functions 200
[debug] [2026-06-09T08:36:33.367Z] <<< [apiv2][body] POST https://cloudfunctions.googleapis.com/v2/projects/vertey-cf1b9/locations/us-central1/functions {"name":"projects/vertey-cf1b9/locations/us-central1/operations/operation-1780994192270-653ce062d65f2-d5318512-5472d5ce","metadata":{"@type":"type.googleapis.com/google.cloud.functions.v2.OperationMetadata","createTime":"2026-06-09T08:36:33.475240296Z","target":"projects/vertey-cf1b9/locations/us-central1/functions/elevenLabsWebhook","verb":"create","cancelRequested":false,"apiVersion":"v2"},"done":false}
[debug] [2026-06-09T08:36:33.367Z] Checked if tokens are valid: true, expires at: 1780997427982
[debug] [2026-06-09T08:36:33.367Z] Checked if tokens are valid: true, expires at: 1780997427982
[debug] [2026-06-09T08:36:33.368Z] >>> [apiv2][query] GET https://cloudfunctions.googleapis.com/v2/projects/vertey-cf1b9/locations/us-central1/operations/operation-1780994192270-653ce062d65f2-d5318512-5472d5ce [none]
[debug] [2026-06-09T08:36:34.131Z] <<< [apiv2][status] GET https://cloudfunctions.googleapis.com/v2/projects/vertey-cf1b9/locations/us-central1/operations/operation-1780994192270-653ce062d65f2-d5318512-5472d5ce 200
[debug] [2026-06-09T08:36:34.131Z] <<< [apiv2][body] GET https://cloudfunctions.googleapis.com/v2/projects/vertey-cf1b9/locations/us-central1/operations/operation-1780994192270-653ce062d65f2-d5318512-5472d5ce {"name":"projects/vertey-cf1b9/locations/us-central1/operations/operation-1780994192270-653ce062d65f2-d5318512-5472d5ce","metadata":{"@type":"type.googleapis.com/google.cloud.functions.v2.OperationMetadata","createTime":"2026-06-09T08:36:33.475240296Z","target":"projects/vertey-cf1b9/locations/us-central1/functions/elevenLabsWebhook","verb":"create","cancelRequested":false,"apiVersion":"v2","requestResource":{"@type":"type.googleapis.com/google.cloud.functions.v2.Function","name":"projects/vertey-cf1b9/locations/us-central1/functions/elevenLabsWebhook","buildConfig":{"runtime":"nodejs22","entryPoint":"elevenLabsWebhook","source":{"storageSource":{"bucket":"gcf-v2-sources-1011722836316-us-central1","object":"elevenLabsWebhook/function-source.zip","generation":"1780994193145349"}},"environmentVariables":{"GOOGLE_NODE_RUN_SCRIPTS":""},"serviceAccount":"projects/vertey-cf1b9/serviceAccounts/1011722836316-compute@developer.gserviceaccount.com","automaticUpdatePolicy":{}},"serviceConfig":{"service":"projects/vertey-cf1b9/locations/us-central1/services/elevenlabswebhook","timeoutSeconds":60,"environmentVariables":{"FIREBASE_CONFIG":"{\"projectId\":\"vertey-cf1b9\",\"storageBucket\":\"vertey-cf1b9.firebasestorage.app\"}","GCLOUD_PROJECT":"vertey-cf1b9","EVENTARC_CLOUD_EVENT_SOURCE":"projects/vertey-cf1b9/locations/us-central1/services/elevenLabsWebhook","FUNCTION_TARGET":"elevenLabsWebhook","LOG_EXECUTION_ID":"true"},"ingressSettings":"ALLOW_ALL","serviceAccountEmail":"1011722836316-compute@developer.gserviceaccount.com","availableMemory":"256Mi","secretEnvironmentVariables":[{"key":"ELEVENLABS_WEBHOOK_SECRET","projectId":"vertey-cf1b9","secret":"ELEVENLABS_WEBHOOK_SECRET","version":"1"}],"maxInstanceRequestConcurrency":80,"availableCpu":"1"},"labels":{"deployment-tool":"cli-firebase","firebase-functions-hash":"c5684094271f3a060cdacd3cd21cf81bcb0ef631"},"environment":"GEN_2"},"stages":[{"name":"BUILD","state":"NOT_STARTED"},{"name":"SERVICE","state":"NOT_STARTED"}],"operationType":"CREATE_FUNCTION"},"done":false}
[debug] [2026-06-09T08:36:34.633Z] [create-default-us-central1-elevenLabsWebhook] Retrying task index 0
[debug] [2026-06-09T08:36:34.633Z] Checked if tokens are valid: true, expires at: 1780997427982
[debug] [2026-06-09T08:36:34.633Z] Checked if tokens are valid: true, expires at: 1780997427982
[debug] [2026-06-09T08:36:34.633Z] >>> [apiv2][query] GET https://cloudfunctions.googleapis.com/v2/projects/vertey-cf1b9/locations/us-central1/operations/operation-1780994192270-653ce062d65f2-d5318512-5472d5ce [none]
[debug] [2026-06-09T08:36:35.388Z] <<< [apiv2][status] GET https://cloudfunctions.googleapis.com/v2/projects/vertey-cf1b9/locations/us-central1/operations/operation-1780994192270-653ce062d65f2-d5318512-5472d5ce 200
[debug] [2026-06-09T08:36:35.388Z] <<< [apiv2][body] GET https://cloudfunctions.googleapis.com/v2/projects/vertey-cf1b9/locations/us-central1/operations/operation-1780994192270-653ce062d65f2-d5318512-5472d5ce {"name":"projects/vertey-cf1b9/locations/us-central1/operations/operation-1780994192270-653ce062d65f2-d5318512-5472d5ce","metadata":{"@type":"type.googleapis.com/google.cloud.functions.v2.OperationMetadata","createTime":"2026-06-09T08:36:33.475240296Z","target":"projects/vertey-cf1b9/locations/us-central1/functions/elevenLabsWebhook","verb":"create","cancelRequested":false,"apiVersion":"v2","requestResource":{"@type":"type.googleapis.com/google.cloud.functions.v2.Function","name":"projects/vertey-cf1b9/locations/us-central1/functions/elevenLabsWebhook","buildConfig":{"runtime":"nodejs22","entryPoint":"elevenLabsWebhook","source":{"storageSource":{"bucket":"gcf-v2-sources-1011722836316-us-central1","object":"elevenLabsWebhook/function-source.zip","generation":"1780994193145349"}},"environmentVariables":{"GOOGLE_NODE_RUN_SCRIPTS":""},"serviceAccount":"projects/vertey-cf1b9/serviceAccounts/1011722836316-compute@developer.gserviceaccount.com","automaticUpdatePolicy":{}},"serviceConfig":{"service":"projects/vertey-cf1b9/locations/us-central1/services/elevenlabswebhook","timeoutSeconds":60,"environmentVariables":{"FIREBASE_CONFIG":"{\"projectId\":\"vertey-cf1b9\",\"storageBucket\":\"vertey-cf1b9.firebasestorage.app\"}","GCLOUD_PROJECT":"vertey-cf1b9","EVENTARC_CLOUD_EVENT_SOURCE":"projects/vertey-cf1b9/locations/us-central1/services/elevenLabsWebhook","FUNCTION_TARGET":"elevenLabsWebhook","LOG_EXECUTION_ID":"true"},"ingressSettings":"ALLOW_ALL","serviceAccountEmail":"1011722836316-compute@developer.gserviceaccount.com","availableMemory":"256Mi","secretEnvironmentVariables":[{"key":"ELEVENLABS_WEBHOOK_SECRET","projectId":"vertey-cf1b9","secret":"ELEVENLABS_WEBHOOK_SECRET","version":"1"}],"maxInstanceRequestConcurrency":80,"availableCpu":"1"},"labels":{"deployment-tool":"cli-firebase","firebase-functions-hash":"c5684094271f3a060cdacd3cd21cf81bcb0ef631"},"environment":"GEN_2"},"stages":[{"name":"BUILD","state":"NOT_STARTED"},{"name":"SERVICE","state":"NOT_STARTED"}],"operationType":"CREATE_FUNCTION"},"done":false}
[debug] [2026-06-09T08:36:36.390Z] [create-default-us-central1-elevenLabsWebhook] Retrying task index 0
[debug] [2026-06-09T08:36:36.390Z] Checked if tokens are valid: true, expires at: 1780997427982
[debug] [2026-06-09T08:36:36.390Z] Checked if tokens are valid: true, expires at: 1780997427982
[debug] [2026-06-09T08:36:36.390Z] >>> [apiv2][query] GET https://cloudfunctions.googleapis.com/v2/projects/vertey-cf1b9/locations/us-central1/operations/operation-1780994192270-653ce062d65f2-d5318512-5472d5ce [none]
[debug] [2026-06-09T08:36:36.611Z] <<< [apiv2][status] GET https://cloudfunctions.googleapis.com/v2/projects/vertey-cf1b9/locations/us-central1/operations/operation-1780994192270-653ce062d65f2-d5318512-5472d5ce 200
[debug] [2026-06-09T08:36:36.611Z] <<< [apiv2][body] GET https://cloudfunctions.googleapis.com/v2/projects/vertey-cf1b9/locations/us-central1/operations/operation-1780994192270-653ce062d65f2-d5318512-5472d5ce {"name":"projects/vertey-cf1b9/locations/us-central1/operations/operation-1780994192270-653ce062d65f2-d5318512-5472d5ce","metadata":{"@type":"type.googleapis.com/google.cloud.functions.v2.OperationMetadata","createTime":"2026-06-09T08:36:33.475240296Z","target":"projects/vertey-cf1b9/locations/us-central1/functions/elevenLabsWebhook","verb":"create","cancelRequested":false,"apiVersion":"v2","requestResource":{"@type":"type.googleapis.com/google.cloud.functions.v2.Function","name":"projects/vertey-cf1b9/locations/us-central1/functions/elevenLabsWebhook","buildConfig":{"runtime":"nodejs22","entryPoint":"elevenLabsWebhook","source":{"storageSource":{"bucket":"gcf-v2-sources-1011722836316-us-central1","object":"elevenLabsWebhook/function-source.zip","generation":"1780994193145349"}},"environmentVariables":{"GOOGLE_NODE_RUN_SCRIPTS":""},"serviceAccount":"projects/vertey-cf1b9/serviceAccounts/1011722836316-compute@developer.gserviceaccount.com","automaticUpdatePolicy":{}},"serviceConfig":{"service":"projects/vertey-cf1b9/locations/us-central1/services/elevenlabswebhook","timeoutSeconds":60,"environmentVariables":{"FIREBASE_CONFIG":"{\"projectId\":\"vertey-cf1b9\",\"storageBucket\":\"vertey-cf1b9.firebasestorage.app\"}","GCLOUD_PROJECT":"vertey-cf1b9","EVENTARC_CLOUD_EVENT_SOURCE":"projects/vertey-cf1b9/locations/us-central1/services/elevenLabsWebhook","FUNCTION_TARGET":"elevenLabsWebhook","LOG_EXECUTION_ID":"true"},"ingressSettings":"ALLOW_ALL","serviceAccountEmail":"1011722836316-compute@developer.gserviceaccount.com","availableMemory":"256Mi","secretEnvironmentVariables":[{"key":"ELEVENLABS_WEBHOOK_SECRET","projectId":"vertey-cf1b9","secret":"ELEVENLABS_WEBHOOK_SECRET","version":"1"}],"maxInstanceRequestConcurrency":80,"availableCpu":"1"},"labels":{"deployment-tool":"cli-firebase","firebase-functions-hash":"c5684094271f3a060cdacd3cd21cf81bcb0ef631"},"environment":"GEN_2"},"stages":[{"name":"BUILD","state":"NOT_STARTED"},{"name":"SERVICE","state":"NOT_STARTED"}],"operationType":"CREATE_FUNCTION"},"done":false}
[debug] [2026-06-09T08:36:38.612Z] [create-default-us-central1-elevenLabsWebhook] Retrying task index 0
[debug] [2026-06-09T08:36:38.612Z] Checked if tokens are valid: true, expires at: 1780997427982
[debug] [2026-06-09T08:36:38.612Z] Checked if tokens are valid: true, expires at: 1780997427982
[debug] [2026-06-09T08:36:38.612Z] >>> [apiv2][query] GET https://cloudfunctions.googleapis.com/v2/projects/vertey-cf1b9/locations/us-central1/operations/operation-1780994192270-653ce062d65f2-d5318512-5472d5ce [none]
[debug] [2026-06-09T08:36:38.817Z] <<< [apiv2][status] GET https://cloudfunctions.googleapis.com/v2/projects/vertey-cf1b9/locations/us-central1/operations/operation-1780994192270-653ce062d65f2-d5318512-5472d5ce 200
[debug] [2026-06-09T08:36:38.818Z] <<< [apiv2][body] GET https://cloudfunctions.googleapis.com/v2/projects/vertey-cf1b9/locations/us-central1/operations/operation-1780994192270-653ce062d65f2-d5318512-5472d5ce {"name":"projects/vertey-cf1b9/locations/us-central1/operations/operation-1780994192270-653ce062d65f2-d5318512-5472d5ce","metadata":{"@type":"type.googleapis.com/google.cloud.functions.v2.OperationMetadata","createTime":"2026-06-09T08:36:33.475240296Z","target":"projects/vertey-cf1b9/locations/us-central1/functions/elevenLabsWebhook","verb":"create","cancelRequested":false,"apiVersion":"v2","requestResource":{"@type":"type.googleapis.com/google.cloud.functions.v2.Function","name":"projects/vertey-cf1b9/locations/us-central1/functions/elevenLabsWebhook","buildConfig":{"runtime":"nodejs22","entryPoint":"elevenLabsWebhook","source":{"storageSource":{"bucket":"gcf-v2-sources-1011722836316-us-central1","object":"elevenLabsWebhook/function-source.zip","generation":"1780994193145349"}},"environmentVariables":{"GOOGLE_NODE_RUN_SCRIPTS":""},"serviceAccount":"projects/vertey-cf1b9/serviceAccounts/1011722836316-compute@developer.gserviceaccount.com","automaticUpdatePolicy":{}},"serviceConfig":{"service":"projects/vertey-cf1b9/locations/us-central1/services/elevenlabswebhook","timeoutSeconds":60,"environmentVariables":{"FIREBASE_CONFIG":"{\"projectId\":\"vertey-cf1b9\",\"storageBucket\":\"vertey-cf1b9.firebasestorage.app\"}","GCLOUD_PROJECT":"vertey-cf1b9","EVENTARC_CLOUD_EVENT_SOURCE":"projects/vertey-cf1b9/locations/us-central1/services/elevenLabsWebhook","FUNCTION_TARGET":"elevenLabsWebhook","LOG_EXECUTION_ID":"true"},"ingressSettings":"ALLOW_ALL","serviceAccountEmail":"1011722836316-compute@developer.gserviceaccount.com","availableMemory":"256Mi","secretEnvironmentVariables":[{"key":"ELEVENLABS_WEBHOOK_SECRET","projectId":"vertey-cf1b9","secret":"ELEVENLABS_WEBHOOK_SECRET","version":"1"}],"maxInstanceRequestConcurrency":80,"availableCpu":"1"},"labels":{"deployment-tool":"cli-firebase","firebase-functions-hash":"c5684094271f3a060cdacd3cd21cf81bcb0ef631"},"environment":"GEN_2"},"stages":[{"name":"BUILD","state":"NOT_STARTED"},{"name":"SERVICE","state":"NOT_STARTED"}],"operationType":"CREATE_FUNCTION"},"done":false}
[debug] [2026-06-09T08:36:42.819Z] [create-default-us-central1-elevenLabsWebhook] Retrying task index 0
[debug] [2026-06-09T08:36:42.820Z] Checked if tokens are valid: true, expires at: 1780997427982
[debug] [2026-06-09T08:36:42.820Z] Checked if tokens are valid: true, expires at: 1780997427982
[debug] [2026-06-09T08:36:42.820Z] >>> [apiv2][query] GET https://cloudfunctions.googleapis.com/v2/projects/vertey-cf1b9/locations/us-central1/operations/operation-1780994192270-653ce062d65f2-d5318512-5472d5ce [none]
[debug] [2026-06-09T08:36:43.566Z] <<< [apiv2][status] GET https://cloudfunctions.googleapis.com/v2/projects/vertey-cf1b9/locations/us-central1/operations/operation-1780994192270-653ce062d65f2-d5318512-5472d5ce 200
[debug] [2026-06-09T08:36:43.566Z] <<< [apiv2][body] GET https://cloudfunctions.googleapis.com/v2/projects/vertey-cf1b9/locations/us-central1/operations/operation-1780994192270-653ce062d65f2-d5318512-5472d5ce {"name":"projects/vertey-cf1b9/locations/us-central1/operations/operation-1780994192270-653ce062d65f2-d5318512-5472d5ce","metadata":{"@type":"type.googleapis.com/google.cloud.functions.v2.OperationMetadata","createTime":"2026-06-09T08:36:33.475240296Z","target":"projects/vertey-cf1b9/locations/us-central1/functions/elevenLabsWebhook","verb":"create","cancelRequested":false,"apiVersion":"v2","requestResource":{"@type":"type.googleapis.com/google.cloud.functions.v2.Function","name":"projects/vertey-cf1b9/locations/us-central1/functions/elevenLabsWebhook","buildConfig":{"runtime":"nodejs22","entryPoint":"elevenLabsWebhook","source":{"storageSource":{"bucket":"gcf-v2-sources-1011722836316-us-central1","object":"elevenLabsWebhook/function-source.zip","generation":"1780994193145349"}},"environmentVariables":{"GOOGLE_NODE_RUN_SCRIPTS":""},"serviceAccount":"projects/vertey-cf1b9/serviceAccounts/1011722836316-compute@developer.gserviceaccount.com","automaticUpdatePolicy":{}},"serviceConfig":{"service":"projects/vertey-cf1b9/locations/us-central1/services/elevenlabswebhook","timeoutSeconds":60,"environmentVariables":{"FIREBASE_CONFIG":"{\"projectId\":\"vertey-cf1b9\",\"storageBucket\":\"vertey-cf1b9.firebasestorage.app\"}","GCLOUD_PROJECT":"vertey-cf1b9","EVENTARC_CLOUD_EVENT_SOURCE":"projects/vertey-cf1b9/locations/us-central1/services/elevenLabsWebhook","FUNCTION_TARGET":"elevenLabsWebhook","LOG_EXECUTION_ID":"true"},"ingressSettings":"ALLOW_ALL","serviceAccountEmail":"1011722836316-compute@developer.gserviceaccount.com","availableMemory":"256Mi","secretEnvironmentVariables":[{"key":"ELEVENLABS_WEBHOOK_SECRET","projectId":"vertey-cf1b9","secret":"ELEVENLABS_WEBHOOK_SECRET","version":"1"}],"maxInstanceRequestConcurrency":80,"availableCpu":"1"},"labels":{"deployment-tool":"cli-firebase","firebase-functions-hash":"c5684094271f3a060cdacd3cd21cf81bcb0ef631"},"environment":"GEN_2"},"stages":[{"name":"BUILD","state":"NOT_STARTED"},{"name":"SERVICE","state":"NOT_STARTED"}],"operationType":"CREATE_FUNCTION"},"done":false}
[debug] [2026-06-09T08:36:51.567Z] [create-default-us-central1-elevenLabsWebhook] Retrying task index 0
[debug] [2026-06-09T08:36:51.567Z] Checked if tokens are valid: true, expires at: 1780997427982
[debug] [2026-06-09T08:36:51.567Z] Checked if tokens are valid: true, expires at: 1780997427982
[debug] [2026-06-09T08:36:51.567Z] >>> [apiv2][query] GET https://cloudfunctions.googleapis.com/v2/projects/vertey-cf1b9/locations/us-central1/operations/operation-1780994192270-653ce062d65f2-d5318512-5472d5ce [none]
[debug] [2026-06-09T08:36:52.393Z] <<< [apiv2][status] GET https://cloudfunctions.googleapis.com/v2/projects/vertey-cf1b9/locations/us-central1/operations/operation-1780994192270-653ce062d65f2-d5318512-5472d5ce 200
[debug] [2026-06-09T08:36:52.394Z] <<< [apiv2][body] GET https://cloudfunctions.googleapis.com/v2/projects/vertey-cf1b9/locations/us-central1/operations/operation-1780994192270-653ce062d65f2-d5318512-5472d5ce {"name":"projects/vertey-cf1b9/locations/us-central1/operations/operation-1780994192270-653ce062d65f2-d5318512-5472d5ce","metadata":{"@type":"type.googleapis.com/google.cloud.functions.v2.OperationMetadata","createTime":"2026-06-09T08:36:33.475240296Z","target":"projects/vertey-cf1b9/locations/us-central1/functions/elevenLabsWebhook","verb":"create","cancelRequested":false,"apiVersion":"v2","requestResource":{"@type":"type.googleapis.com/google.cloud.functions.v2.Function","name":"projects/vertey-cf1b9/locations/us-central1/functions/elevenLabsWebhook","buildConfig":{"runtime":"nodejs22","entryPoint":"elevenLabsWebhook","source":{"storageSource":{"bucket":"gcf-v2-sources-1011722836316-us-central1","object":"elevenLabsWebhook/function-source.zip","generation":"1780994193145349"}},"environmentVariables":{"GOOGLE_NODE_RUN_SCRIPTS":""},"serviceAccount":"projects/vertey-cf1b9/serviceAccounts/1011722836316-compute@developer.gserviceaccount.com","automaticUpdatePolicy":{}},"serviceConfig":{"service":"projects/vertey-cf1b9/locations/us-central1/services/elevenlabswebhook","timeoutSeconds":60,"environmentVariables":{"FIREBASE_CONFIG":"{\"projectId\":\"vertey-cf1b9\",\"storageBucket\":\"vertey-cf1b9.firebasestorage.app\"}","GCLOUD_PROJECT":"vertey-cf1b9","EVENTARC_CLOUD_EVENT_SOURCE":"projects/vertey-cf1b9/locations/us-central1/services/elevenLabsWebhook","FUNCTION_TARGET":"elevenLabsWebhook","LOG_EXECUTION_ID":"true"},"ingressSettings":"ALLOW_ALL","serviceAccountEmail":"1011722836316-compute@developer.gserviceaccount.com","availableMemory":"256Mi","secretEnvironmentVariables":[{"key":"ELEVENLABS_WEBHOOK_SECRET","projectId":"vertey-cf1b9","secret":"ELEVENLABS_WEBHOOK_SECRET","version":"1"}],"maxInstanceRequestConcurrency":80,"availableCpu":"1"},"labels":{"deployment-tool":"cli-firebase","firebase-functions-hash":"c5684094271f3a060cdacd3cd21cf81bcb0ef631"},"environment":"GEN_2"},"stages":[{"name":"BUILD","message":"Build in progress","state":"IN_PROGRESS","resource":"projects/1011722836316/locations/us-central1/builds/7aac0492-ef32-468e-8058-792086325cf2","resourceUri":"https://console.cloud.google.com/cloud-build/builds;region=us-central1/7aac0492-ef32-468e-8058-792086325cf2?project=1011722836316"},{"name":"SERVICE","state":"NOT_STARTED"}],"operationType":"CREATE_FUNCTION","buildName":"projects/1011722836316/locations/us-central1/builds/7aac0492-ef32-468e-8058-792086325cf2"},"done":false}
[debug] [2026-06-09T08:37:02.395Z] [create-default-us-central1-elevenLabsWebhook] Retrying task index 0
[debug] [2026-06-09T08:37:02.396Z] Checked if tokens are valid: true, expires at: 1780997427982
[debug] [2026-06-09T08:37:02.396Z] Checked if tokens are valid: true, expires at: 1780997427982
[debug] [2026-06-09T08:37:02.396Z] >>> [apiv2][query] GET https://cloudfunctions.googleapis.com/v2/projects/vertey-cf1b9/locations/us-central1/operations/operation-1780994192270-653ce062d65f2-d5318512-5472d5ce [none]
[debug] [2026-06-09T08:37:03.225Z] <<< [apiv2][status] GET https://cloudfunctions.googleapis.com/v2/projects/vertey-cf1b9/locations/us-central1/operations/operation-1780994192270-653ce062d65f2-d5318512-5472d5ce 200
[debug] [2026-06-09T08:37:03.225Z] <<< [apiv2][body] GET https://cloudfunctions.googleapis.com/v2/projects/vertey-cf1b9/locations/us-central1/operations/operation-1780994192270-653ce062d65f2-d5318512-5472d5ce {"name":"projects/vertey-cf1b9/locations/us-central1/operations/operation-1780994192270-653ce062d65f2-d5318512-5472d5ce","metadata":{"@type":"type.googleapis.com/google.cloud.functions.v2.OperationMetadata","createTime":"2026-06-09T08:36:33.475240296Z","target":"projects/vertey-cf1b9/locations/us-central1/functions/elevenLabsWebhook","verb":"create","cancelRequested":false,"apiVersion":"v2","requestResource":{"@type":"type.googleapis.com/google.cloud.functions.v2.Function","name":"projects/vertey-cf1b9/locations/us-central1/functions/elevenLabsWebhook","buildConfig":{"runtime":"nodejs22","entryPoint":"elevenLabsWebhook","source":{"storageSource":{"bucket":"gcf-v2-sources-1011722836316-us-central1","object":"elevenLabsWebhook/function-source.zip","generation":"1780994193145349"}},"environmentVariables":{"GOOGLE_NODE_RUN_SCRIPTS":""},"serviceAccount":"projects/vertey-cf1b9/serviceAccounts/1011722836316-compute@developer.gserviceaccount.com","automaticUpdatePolicy":{}},"serviceConfig":{"service":"projects/vertey-cf1b9/locations/us-central1/services/elevenlabswebhook","timeoutSeconds":60,"environmentVariables":{"FIREBASE_CONFIG":"{\"projectId\":\"vertey-cf1b9\",\"storageBucket\":\"vertey-cf1b9.firebasestorage.app\"}","GCLOUD_PROJECT":"vertey-cf1b9","EVENTARC_CLOUD_EVENT_SOURCE":"projects/vertey-cf1b9/locations/us-central1/services/elevenLabsWebhook","FUNCTION_TARGET":"elevenLabsWebhook","LOG_EXECUTION_ID":"true"},"ingressSettings":"ALLOW_ALL","serviceAccountEmail":"1011722836316-compute@developer.gserviceaccount.com","availableMemory":"256Mi","secretEnvironmentVariables":[{"key":"ELEVENLABS_WEBHOOK_SECRET","projectId":"vertey-cf1b9","secret":"ELEVENLABS_WEBHOOK_SECRET","version":"1"}],"maxInstanceRequestConcurrency":80,"availableCpu":"1"},"labels":{"deployment-tool":"cli-firebase","firebase-functions-hash":"c5684094271f3a060cdacd3cd21cf81bcb0ef631"},"environment":"GEN_2"},"stages":[{"name":"BUILD","message":"Build in progress","state":"IN_PROGRESS","resource":"projects/1011722836316/locations/us-central1/builds/7aac0492-ef32-468e-8058-792086325cf2","resourceUri":"https://console.cloud.google.com/cloud-build/builds;region=us-central1/7aac0492-ef32-468e-8058-792086325cf2?project=1011722836316"},{"name":"SERVICE","state":"NOT_STARTED"}],"operationType":"CREATE_FUNCTION","buildName":"projects/1011722836316/locations/us-central1/builds/7aac0492-ef32-468e-8058-792086325cf2"},"done":false}
[debug] [2026-06-09T08:37:13.225Z] [create-default-us-central1-elevenLabsWebhook] Retrying task index 0
[debug] [2026-06-09T08:37:13.226Z] Checked if tokens are valid: true, expires at: 1780997427982
[debug] [2026-06-09T08:37:13.226Z] Checked if tokens are valid: true, expires at: 1780997427982
[debug] [2026-06-09T08:37:13.226Z] >>> [apiv2][query] GET https://cloudfunctions.googleapis.com/v2/projects/vertey-cf1b9/locations/us-central1/operations/operation-1780994192270-653ce062d65f2-d5318512-5472d5ce [none]
[debug] [2026-06-09T08:37:14.056Z] <<< [apiv2][status] GET https://cloudfunctions.googleapis.com/v2/projects/vertey-cf1b9/locations/us-central1/operations/operation-1780994192270-653ce062d65f2-d5318512-5472d5ce 200
[debug] [2026-06-09T08:37:14.056Z] <<< [apiv2][body] GET https://cloudfunctions.googleapis.com/v2/projects/vertey-cf1b9/locations/us-central1/operations/operation-1780994192270-653ce062d65f2-d5318512-5472d5ce {"name":"projects/vertey-cf1b9/locations/us-central1/operations/operation-1780994192270-653ce062d65f2-d5318512-5472d5ce","metadata":{"@type":"type.googleapis.com/google.cloud.functions.v2.OperationMetadata","createTime":"2026-06-09T08:36:33.475240296Z","target":"projects/vertey-cf1b9/locations/us-central1/functions/elevenLabsWebhook","verb":"create","cancelRequested":false,"apiVersion":"v2","requestResource":{"@type":"type.googleapis.com/google.cloud.functions.v2.Function","name":"projects/vertey-cf1b9/locations/us-central1/functions/elevenLabsWebhook","buildConfig":{"runtime":"nodejs22","entryPoint":"elevenLabsWebhook","source":{"storageSource":{"bucket":"gcf-v2-sources-1011722836316-us-central1","object":"elevenLabsWebhook/function-source.zip","generation":"1780994193145349"}},"environmentVariables":{"GOOGLE_NODE_RUN_SCRIPTS":""},"serviceAccount":"projects/vertey-cf1b9/serviceAccounts/1011722836316-compute@developer.gserviceaccount.com","automaticUpdatePolicy":{}},"serviceConfig":{"service":"projects/vertey-cf1b9/locations/us-central1/services/elevenlabswebhook","timeoutSeconds":60,"environmentVariables":{"FIREBASE_CONFIG":"{\"projectId\":\"vertey-cf1b9\",\"storageBucket\":\"vertey-cf1b9.firebasestorage.app\"}","GCLOUD_PROJECT":"vertey-cf1b9","EVENTARC_CLOUD_EVENT_SOURCE":"projects/vertey-cf1b9/locations/us-central1/services/elevenLabsWebhook","FUNCTION_TARGET":"elevenLabsWebhook","LOG_EXECUTION_ID":"true"},"ingressSettings":"ALLOW_ALL","serviceAccountEmail":"1011722836316-compute@developer.gserviceaccount.com","availableMemory":"256Mi","secretEnvironmentVariables":[{"key":"ELEVENLABS_WEBHOOK_SECRET","projectId":"vertey-cf1b9","secret":"ELEVENLABS_WEBHOOK_SECRET","version":"1"}],"maxInstanceRequestConcurrency":80,"availableCpu":"1"},"labels":{"deployment-tool":"cli-firebase","firebase-functions-hash":"c5684094271f3a060cdacd3cd21cf81bcb0ef631"},"environment":"GEN_2"},"stages":[{"name":"BUILD","message":"Build in progress","state":"IN_PROGRESS","resource":"projects/1011722836316/locations/us-central1/builds/7aac0492-ef32-468e-8058-792086325cf2","resourceUri":"https://console.cloud.google.com/cloud-build/builds;region=us-central1/7aac0492-ef32-468e-8058-792086325cf2?project=1011722836316"},{"name":"SERVICE","state":"NOT_STARTED"}],"operationType":"CREATE_FUNCTION","buildName":"projects/1011722836316/locations/us-central1/builds/7aac0492-ef32-468e-8058-792086325cf2"},"done":false}
[debug] [2026-06-09T08:37:24.058Z] [create-default-us-central1-elevenLabsWebhook] Retrying task index 0
[debug] [2026-06-09T08:37:24.058Z] Checked if tokens are valid: true, expires at: 1780997427982
[debug] [2026-06-09T08:37:24.059Z] Checked if tokens are valid: true, expires at: 1780997427982
[debug] [2026-06-09T08:37:24.059Z] >>> [apiv2][query] GET https://cloudfunctions.googleapis.com/v2/projects/vertey-cf1b9/locations/us-central1/operations/operation-1780994192270-653ce062d65f2-d5318512-5472d5ce [none]
[debug] [2026-06-09T08:37:24.894Z] <<< [apiv2][status] GET https://cloudfunctions.googleapis.com/v2/projects/vertey-cf1b9/locations/us-central1/operations/operation-1780994192270-653ce062d65f2-d5318512-5472d5ce 200
[debug] [2026-06-09T08:37:24.894Z] <<< [apiv2][body] GET https://cloudfunctions.googleapis.com/v2/projects/vertey-cf1b9/locations/us-central1/operations/operation-1780994192270-653ce062d65f2-d5318512-5472d5ce {"name":"projects/vertey-cf1b9/locations/us-central1/operations/operation-1780994192270-653ce062d65f2-d5318512-5472d5ce","metadata":{"@type":"type.googleapis.com/google.cloud.functions.v2.OperationMetadata","createTime":"2026-06-09T08:36:33.475240296Z","endTime":"2026-06-09T08:37:20.678164731Z","target":"projects/vertey-cf1b9/locations/us-central1/functions/elevenLabsWebhook","verb":"create","cancelRequested":false,"apiVersion":"v2","requestResource":{"@type":"type.googleapis.com/google.cloud.functions.v2.Function","name":"projects/vertey-cf1b9/locations/us-central1/functions/elevenLabsWebhook","buildConfig":{"runtime":"nodejs22","entryPoint":"elevenLabsWebhook","source":{"storageSource":{"bucket":"gcf-v2-sources-1011722836316-us-central1","object":"elevenLabsWebhook/function-source.zip","generation":"1780994193145349"}},"environmentVariables":{"GOOGLE_NODE_RUN_SCRIPTS":""},"serviceAccount":"projects/vertey-cf1b9/serviceAccounts/1011722836316-compute@developer.gserviceaccount.com","automaticUpdatePolicy":{}},"serviceConfig":{"service":"projects/vertey-cf1b9/locations/us-central1/services/elevenlabswebhook","timeoutSeconds":60,"environmentVariables":{"FIREBASE_CONFIG":"{\"projectId\":\"vertey-cf1b9\",\"storageBucket\":\"vertey-cf1b9.firebasestorage.app\"}","GCLOUD_PROJECT":"vertey-cf1b9","EVENTARC_CLOUD_EVENT_SOURCE":"projects/vertey-cf1b9/locations/us-central1/services/elevenLabsWebhook","FUNCTION_TARGET":"elevenLabsWebhook","LOG_EXECUTION_ID":"true"},"ingressSettings":"ALLOW_ALL","serviceAccountEmail":"1011722836316-compute@developer.gserviceaccount.com","availableMemory":"256Mi","secretEnvironmentVariables":[{"key":"ELEVENLABS_WEBHOOK_SECRET","projectId":"vertey-cf1b9","secret":"ELEVENLABS_WEBHOOK_SECRET","version":"1"}],"maxInstanceRequestConcurrency":80,"availableCpu":"1"},"labels":{"deployment-tool":"cli-firebase","firebase-functions-hash":"c5684094271f3a060cdacd3cd21cf81bcb0ef631"},"environment":"GEN_2"},"stages":[{"name":"ARTIFACT_REGISTRY","message":"Deleting function artifacts in Artifact Registry","state":"COMPLETE"},{"name":"SERVICE","message":"Deleting Cloud Run service","state":"COMPLETE","resource":"projects/vertey-cf1b9/locations/us-central1/services/elevenlabswebhook"}],"operationType":"CREATE_FUNCTION"},"done":true,"error":{"code":3,"message":"Build failed with status: FAILURE. Could not build the function due to a missing permission on the build service account. If you didn't revoke that permission explicitly, this could be caused by a change in the organization policies. Please refer to the following documentation for more details and resolution: https://cloud.google.com/functions/docs/troubleshooting#build-service-account\n You can also view the logs at https://console.cloud.google.com/cloud-build/builds;region=us-central1/7aac0492-ef32-468e-8058-792086325cf2?project=1011722836316.\n"}}
[debug] [2026-06-09T08:37:24.894Z] Got source token undefined for region us-central1
[error] Build failed with status: FAILURE. Could not build the function due to a missing permission on the build service account. If you didn't revoke that permission explicitly, this could be caused by a change in the organization policies. Please refer to the following documentation for more details and resolution: https://cloud.google.com/functions/docs/troubleshooting#build-service-account
 You can also view the logs at https://console.cloud.google.com/cloud-build/builds;region=us-central1/7aac0492-ef32-468e-8058-792086325cf2?project=1011722836316.

[debug] [2026-06-09T08:37:24.896Z] Total Function Deployment time: 52979
[debug] [2026-06-09T08:37:24.897Z] 1 Functions Deployed
[debug] [2026-06-09T08:37:24.897Z] 1 Functions Errored
[debug] [2026-06-09T08:37:24.897Z] 0 Function Deployments Aborted
[debug] [2026-06-09T08:37:24.897Z] Average Function Deployment time: 52979
[info] 
[info] Functions deploy had errors with the following functions:
	elevenLabsWebhook(us-central1)
[debug] [2026-06-09T08:37:24.898Z] Not printing URL for HTTPS function. Typically this means it didn't match a filter or we failed deployment
[debug] [2026-06-09T08:37:24.899Z] Checked if tokens are valid: true, expires at: 1780997427982
[debug] [2026-06-09T08:37:24.899Z] Checked if tokens are valid: true, expires at: 1780997427982
[debug] [2026-06-09T08:37:24.899Z] >>> [apiv2][query] GET https://artifactregistry.googleapis.com/v1/projects/vertey-cf1b9/locations/us-central1/repositories/gcf-artifacts [none]
[debug] [2026-06-09T08:37:25.748Z] <<< [apiv2][status] GET https://artifactregistry.googleapis.com/v1/projects/vertey-cf1b9/locations/us-central1/repositories/gcf-artifacts 200
[debug] [2026-06-09T08:37:25.748Z] <<< [apiv2][body] GET https://artifactregistry.googleapis.com/v1/projects/vertey-cf1b9/locations/us-central1/repositories/gcf-artifacts {"name":"projects/vertey-cf1b9/locations/us-central1/repositories/gcf-artifacts","format":"DOCKER","description":"This repository is created and used by Cloud Functions for storing function docker images.","labels":{"goog-managed-by":"cloudfunctions"},"createTime":"2026-06-09T08:36:46.042322Z","updateTime":"2026-06-09T08:36:46.042322Z","mode":"STANDARD_REPOSITORY","vulnerabilityScanningConfig":{"lastEnableTime":"2026-06-09T08:36:33.712615210Z","enablementState":"SCANNING_DISABLED","enablementStateReason":"API containerscanning.googleapis.com is not enabled."},"satisfiesPzi":true,"registryUri":"us-central1-docker.pkg.dev/vertey-cf1b9/gcf-artifacts"}
[warn] ⚠  functions: No cleanup policy detected for repositories in us-central1. This may result in a small monthly bill as container images accumulate over time. 
[info] i  functions: Configuring cleanup policy for repository in us-central1. Images older than 1 days will be automatically deleted. 
[debug] [2026-06-09T08:37:52.591Z] Setting up artifact cleanup policy for region us-central1
[debug] [2026-06-09T08:37:52.592Z] Checked if tokens are valid: true, expires at: 1780997427982
[debug] [2026-06-09T08:37:52.592Z] Checked if tokens are valid: true, expires at: 1780997427982
[debug] [2026-06-09T08:37:52.593Z] >>> [apiv2][query] PATCH https://artifactregistry.googleapis.com/v1/projects/vertey-cf1b9/locations/us-central1/repositories/gcf-artifacts updateMask=name%2CcleanupPolicies%2CcleanupPolicyDryRun%2Clabels
[debug] [2026-06-09T08:37:52.593Z] >>> [apiv2][body] PATCH https://artifactregistry.googleapis.com/v1/projects/vertey-cf1b9/locations/us-central1/repositories/gcf-artifacts {"name":"projects/vertey-cf1b9/locations/us-central1/repositories/gcf-artifacts","cleanupPolicies":{"firebase-functions-cleanup":{"id":"firebase-functions-cleanup","condition":{"tagState":"ANY","olderThan":"86400s"},"action":"DELETE"}},"cleanupPolicyDryRun":false,"labels":{"goog-managed-by":"cloudfunctions"}}
[debug] [2026-06-09T08:37:53.530Z] <<< [apiv2][status] PATCH https://artifactregistry.googleapis.com/v1/projects/vertey-cf1b9/locations/us-central1/repositories/gcf-artifacts 200
[debug] [2026-06-09T08:37:53.530Z] <<< [apiv2][body] PATCH https://artifactregistry.googleapis.com/v1/projects/vertey-cf1b9/locations/us-central1/repositories/gcf-artifacts {"name":"projects/vertey-cf1b9/locations/us-central1/repositories/gcf-artifacts","format":"DOCKER","description":"This repository is created and used by Cloud Functions for storing function docker images.","labels":{"goog-managed-by":"cloudfunctions"},"createTime":"2026-06-09T08:36:46.042322Z","updateTime":"2026-06-09T08:37:53.615325Z","mode":"STANDARD_REPOSITORY","cleanupPolicies":{"firebase-functions-cleanup":{"id":"firebase-functions-cleanup","action":"DELETE","condition":{"tagState":"ANY","olderThan":"86400s"}}},"vulnerabilityScanningConfig":{"lastEnableTime":"2026-06-09T08:36:33.712615210Z","enablementState":"SCANNING_DISABLED","enablementStateReason":"API containerscanning.googleapis.com is not enabled."},"satisfiesPzi":true}
[info] i  functions: Configured cleanup policy for repository in us-central1. 
[debug] [2026-06-09T08:37:53.530Z] Functions deploy failed.
[debug] [2026-06-09T08:37:53.531Z] {
  "endpoint": {
    "id": "elevenLabsWebhook",
    "project": "vertey-cf1b9",
    "region": "us-central1",
    "entryPoint": "elevenLabsWebhook",
    "platform": "gcfv2",
    "runtime": "nodejs22",
    "httpsTrigger": {},
    "labels": {
      "deployment-tool": "cli-firebase"
    },
    "secretEnvironmentVariables": [
      {
        "key": "ELEVENLABS_WEBHOOK_SECRET",
        "secret": "ELEVENLABS_WEBHOOK_SECRET",
        "projectId": "vertey-cf1b9",
        "version": "1"
      }
    ],
    "serviceAccount": null,
    "ingressSettings": null,
    "availableMemoryMb": null,
    "timeoutSeconds": null,
    "maxInstances": null,
    "minInstances": null,
    "concurrency": 80,
    "vpc": null,
    "environmentVariables": {
      "FIREBASE_CONFIG": "{\"projectId\":\"vertey-cf1b9\",\"storageBucket\":\"vertey-cf1b9.firebasestorage.app\"}",
      "GCLOUD_PROJECT": "vertey-cf1b9",
      "EVENTARC_CLOUD_EVENT_SOURCE": "projects/vertey-cf1b9/locations/us-central1/services/elevenLabsWebhook"
    },
    "codebase": "default",
    "cpu": 1,
    "targetedByOnly": false,
    "hash": "c5684094271f3a060cdacd3cd21cf81bcb0ef631"
  },
  "op": "create",
  "original": {
    "name": "FirebaseError",
    "children": [],
    "exit": 1,
    "message": "Build failed with status: FAILURE. Could not build the function due to a missing permission on the build service account. If you didn't revoke that permission explicitly, this could be caused by a change in the organization policies. Please refer to the following documentation for more details and resolution: https://cloud.google.com/functions/docs/troubleshooting#build-service-account\n You can also view the logs at https://console.cloud.google.com/cloud-build/builds;region=us-central1/7aac0492-ef32-468e-8058-792086325cf2?project=1011722836316.\n",
    "original": {
      "code": 3,
      "message": "Build failed with status: FAILURE. Could not build the function due to a missing permission on the build service account. If you didn't revoke that permission explicitly, this could be caused by a change in the organization policies. Please refer to the following documentation for more details and resolution: https://cloud.google.com/functions/docs/troubleshooting#build-service-account\n You can also view the logs at https://console.cloud.google.com/cloud-build/builds;region=us-central1/7aac0492-ef32-468e-8058-792086325cf2?project=1011722836316.\n"
    },
    "status": 3,
    "code": 3
  }
}
[debug] [2026-06-09T08:37:53.534Z] Error: Failed to create function elevenLabsWebhook in region us-central1
    at /Users/raulgm/.npm-global/lib/node_modules/firebase-tools/lib/deploy/functions/release/fabricator.js:319:27
    at process.processTicksAndRejections (node:internal/process/task_queues:105:5)
    at async Fabricator.createV2Function (/Users/raulgm/.npm-global/lib/node_modules/firebase-tools/lib/deploy/functions/release/fabricator.js:298:30)
    at async Fabricator.createEndpoint (/Users/raulgm/.npm-global/lib/node_modules/firebase-tools/lib/deploy/functions/release/fabricator.js:140:13)
    at async handle (/Users/raulgm/.npm-global/lib/node_modules/firebase-tools/lib/deploy/functions/release/fabricator.js:92:17)
[error] 
[error] Error: There was an error deploying functions
[debug] [2026-06-09T08:38:48.214Z] ----------------------------------------------------------------------
[debug] [2026-06-09T08:38:48.216Z] Command:       /usr/local/bin/node /Users/raulgm/.npm-global/bin/firebase deploy --only functions --debug
[debug] [2026-06-09T08:38:48.216Z] CLI Version:   15.13.0
[debug] [2026-06-09T08:38:48.216Z] Platform:      darwin
[debug] [2026-06-09T08:38:48.216Z] Node Version:  v22.15.0
[debug] [2026-06-09T08:38:48.216Z] Time:          Tue Jun 09 2026 11:38:48 GMT+0300 (GMT+03:00)
[debug] [2026-06-09T08:38:48.216Z] ----------------------------------------------------------------------
[debug] 
[debug] [2026-06-09T08:38:48.847Z] > command requires scopes: ["email","openid","https://www.googleapis.com/auth/cloudplatformprojects.readonly","https://www.googleapis.com/auth/firebase","https://www.googleapis.com/auth/cloud-platform"]
[debug] [2026-06-09T08:38:48.847Z] > authorizing via signed-in user (apaladario@gmail.com)
[debug] [2026-06-09T08:38:48.847Z] [iam] checking project vertey-cf1b9 for permissions ["cloudfunctions.functions.create","cloudfunctions.functions.delete","cloudfunctions.functions.get","cloudfunctions.functions.list","cloudfunctions.functions.update","cloudfunctions.operations.get","firebase.projects.get"]
[debug] [2026-06-09T08:38:48.848Z] Checked if tokens are valid: true, expires at: 1780997427982
[debug] [2026-06-09T08:38:48.848Z] Checked if tokens are valid: true, expires at: 1780997427982
[debug] [2026-06-09T08:38:48.848Z] >>> [apiv2][query] POST https://cloudresourcemanager.googleapis.com/v1/projects/vertey-cf1b9:testIamPermissions [none]
[debug] [2026-06-09T08:38:48.848Z] >>> [apiv2][(partial)header] POST https://cloudresourcemanager.googleapis.com/v1/projects/vertey-cf1b9:testIamPermissions  x-goog-user-project=vertey-cf1b9
[debug] [2026-06-09T08:38:48.848Z] >>> [apiv2][body] POST https://cloudresourcemanager.googleapis.com/v1/projects/vertey-cf1b9:testIamPermissions {"permissions":["cloudfunctions.functions.create","cloudfunctions.functions.delete","cloudfunctions.functions.get","cloudfunctions.functions.list","cloudfunctions.functions.update","cloudfunctions.operations.get","firebase.projects.get"]}
[debug] [2026-06-09T08:38:49.218Z] <<< [apiv2][status] POST https://cloudresourcemanager.googleapis.com/v1/projects/vertey-cf1b9:testIamPermissions 200
[debug] [2026-06-09T08:38:49.219Z] <<< [apiv2][body] POST https://cloudresourcemanager.googleapis.com/v1/projects/vertey-cf1b9:testIamPermissions {"permissions":["cloudfunctions.functions.create","cloudfunctions.functions.delete","cloudfunctions.functions.get","cloudfunctions.functions.list","cloudfunctions.functions.update","cloudfunctions.operations.get","firebase.projects.get"]}
[debug] [2026-06-09T08:38:49.219Z] Checked if tokens are valid: true, expires at: 1780997427982
[debug] [2026-06-09T08:38:49.219Z] Checked if tokens are valid: true, expires at: 1780997427982
[debug] [2026-06-09T08:38:49.219Z] >>> [apiv2][query] POST https://iam.googleapis.com/v1/projects/vertey-cf1b9/serviceAccounts/vertey-cf1b9@appspot.gserviceaccount.com:testIamPermissions [none]
[debug] [2026-06-09T08:38:49.219Z] >>> [apiv2][body] POST https://iam.googleapis.com/v1/projects/vertey-cf1b9/serviceAccounts/vertey-cf1b9@appspot.gserviceaccount.com:testIamPermissions {"permissions":["iam.serviceAccounts.actAs"]}
[debug] [2026-06-09T08:38:50.183Z] <<< [apiv2][status] POST https://iam.googleapis.com/v1/projects/vertey-cf1b9/serviceAccounts/vertey-cf1b9@appspot.gserviceaccount.com:testIamPermissions 200
[debug] [2026-06-09T08:38:50.184Z] <<< [apiv2][body] POST https://iam.googleapis.com/v1/projects/vertey-cf1b9/serviceAccounts/vertey-cf1b9@appspot.gserviceaccount.com:testIamPermissions {"permissions":["iam.serviceAccounts.actAs"]}
[info] 
[info] === Deploying to 'vertey-cf1b9'...
[info] 
[info] i  deploying functions 
[info] Running command: npm --prefix "$RESOURCE_DIR" install
[info] Running command: npm --prefix "$RESOURCE_DIR" run build
[info] ✔  functions: Finished running predeploy script. 
[debug] [2026-06-09T08:38:52.104Z] Checked if tokens are valid: true, expires at: 1780997427982
[debug] [2026-06-09T08:38:52.104Z] Checked if tokens are valid: true, expires at: 1780997427982
[debug] [2026-06-09T08:38:52.104Z] >>> [apiv2][query] GET https://cloudresourcemanager.googleapis.com/v1/projects/vertey-cf1b9 [none]
[debug] [2026-06-09T08:38:52.329Z] <<< [apiv2][status] GET https://cloudresourcemanager.googleapis.com/v1/projects/vertey-cf1b9 200
[debug] [2026-06-09T08:38:52.329Z] <<< [apiv2][body] GET https://cloudresourcemanager.googleapis.com/v1/projects/vertey-cf1b9 {"projectNumber":"1011722836316","projectId":"vertey-cf1b9","lifecycleState":"ACTIVE","name":"Vertey","labels":{"firebase":"enabled","firebase-core":"disabled"},"createTime":"2026-05-19T21:04:10.860Z"}
[info] i  functions: preparing codebase default for deployment 
[info] i  functions: ensuring required API cloudfunctions.googleapis.com is enabled... 
[info] i  functions: ensuring required API cloudbuild.googleapis.com is enabled... 
[info] i  artifactregistry: ensuring required API artifactregistry.googleapis.com is enabled... 
[debug] [2026-06-09T08:38:52.330Z] Checked if tokens are valid: true, expires at: 1780997427982
[debug] [2026-06-09T08:38:52.330Z] Checked if tokens are valid: true, expires at: 1780997427982
[debug] [2026-06-09T08:38:52.330Z] >>> [apiv2][query] GET https://firebase.googleapis.com/v1beta1/projects/vertey-cf1b9/adminSdkConfig [none]
[debug] [2026-06-09T08:38:52.710Z] <<< [apiv2][status] GET https://firebase.googleapis.com/v1beta1/projects/vertey-cf1b9/adminSdkConfig 200
[debug] [2026-06-09T08:38:52.710Z] <<< [apiv2][body] GET https://firebase.googleapis.com/v1beta1/projects/vertey-cf1b9/adminSdkConfig {"projectId":"vertey-cf1b9","storageBucket":"vertey-cf1b9.firebasestorage.app"}
[debug] [2026-06-09T08:38:52.710Z] Checked if tokens are valid: true, expires at: 1780997427982
[debug] [2026-06-09T08:38:52.710Z] Checked if tokens are valid: true, expires at: 1780997427982
[debug] [2026-06-09T08:38:52.710Z] >>> [apiv2][query] GET https://runtimeconfig.googleapis.com/v1beta1/projects/vertey-cf1b9/configs [none]
[debug] [2026-06-09T08:38:53.080Z] <<< [apiv2][status] GET https://runtimeconfig.googleapis.com/v1beta1/projects/vertey-cf1b9/configs 200
[debug] [2026-06-09T08:38:53.080Z] <<< [apiv2][body] GET https://runtimeconfig.googleapis.com/v1beta1/projects/vertey-cf1b9/configs {}
[debug] [2026-06-09T08:38:53.081Z] Validating nodejs source
[warn] ⚠  functions: package.json indicates an outdated version of firebase-functions. Please upgrade using npm install --save firebase-functions@latest in your functions directory. 
[warn] ⚠  functions: Please note that there will be breaking changes when you upgrade. 
[debug] [2026-06-09T08:38:53.365Z] > [functions] package.json contents: {
  "name": "zoem-functions",
  "main": "lib/index.js",
  "scripts": {
    "build": "tsc",
    "build:watch": "tsc --watch"
  },
  "engines": {
    "node": "22"
  },
  "dependencies": {
    "firebase-admin": "^13.0.0",
    "firebase-functions": "^6.0.0"
  },
  "devDependencies": {
    "typescript": "~5.9.0"
  }
}
[debug] [2026-06-09T08:38:53.365Z] Building nodejs source
[info] i  functions: Loading and analyzing source code for codebase default to determine what to deploy 
[debug] [2026-06-09T08:38:53.365Z] Could not find functions.yaml. Must use http discovery
[debug] [2026-06-09T08:38:53.370Z] Found firebase-functions binary at '/Users/raulgm/Developer/Zoem/Zoem/functions/node_modules/.bin/firebase-functions'
[info] Serving at port 8357

[debug] [2026-06-09T08:38:53.547Z] Got response from /__/functions.yaml {"endpoints":{"elevenLabsWebhook":{"availableMemoryMb":null,"timeoutSeconds":null,"minInstances":null,"maxInstances":null,"ingressSettings":null,"concurrency":null,"serviceAccountEmail":null,"vpc":null,"platform":"gcfv2","secretEnvironmentVariables":[{"key":"ELEVENLABS_WEBHOOK_SECRET"}],"labels":{},"httpsTrigger":{},"entryPoint":"elevenLabsWebhook"}},"specVersion":"v1alpha1","requiredAPIs":[],"extensions":{},"params":[{"type":"secret","name":"ELEVENLABS_WEBHOOK_SECRET"}]}
[info] i  extensions: ensuring required API firebaseextensions.googleapis.com is enabled... 
[debug] [2026-06-09T08:38:57.566Z] > command requires scopes: ["email","openid","https://www.googleapis.com/auth/cloudplatformprojects.readonly","https://www.googleapis.com/auth/firebase","https://www.googleapis.com/auth/cloud-platform"]
[debug] [2026-06-09T08:38:57.566Z] > authorizing via signed-in user (apaladario@gmail.com)
[debug] [2026-06-09T08:38:57.566Z] [iam] checking project vertey-cf1b9 for permissions ["firebase.projects.get","firebaseextensions.instances.list"]
[debug] [2026-06-09T08:38:57.567Z] Checked if tokens are valid: true, expires at: 1780997427982
[debug] [2026-06-09T08:38:57.567Z] Checked if tokens are valid: true, expires at: 1780997427982
[debug] [2026-06-09T08:38:57.567Z] >>> [apiv2][query] POST https://cloudresourcemanager.googleapis.com/v1/projects/vertey-cf1b9:testIamPermissions [none]
[debug] [2026-06-09T08:38:57.567Z] >>> [apiv2][(partial)header] POST https://cloudresourcemanager.googleapis.com/v1/projects/vertey-cf1b9:testIamPermissions  x-goog-user-project=vertey-cf1b9
[debug] [2026-06-09T08:38:57.567Z] >>> [apiv2][body] POST https://cloudresourcemanager.googleapis.com/v1/projects/vertey-cf1b9:testIamPermissions {"permissions":["firebase.projects.get","firebaseextensions.instances.list"]}
[debug] [2026-06-09T08:38:58.464Z] <<< [apiv2][status] POST https://cloudresourcemanager.googleapis.com/v1/projects/vertey-cf1b9:testIamPermissions 200
[debug] [2026-06-09T08:38:58.464Z] <<< [apiv2][body] POST https://cloudresourcemanager.googleapis.com/v1/projects/vertey-cf1b9:testIamPermissions {"permissions":["firebase.projects.get","firebaseextensions.instances.list"]}
[debug] [2026-06-09T08:38:58.464Z] Checked if tokens are valid: true, expires at: 1780997427982
[debug] [2026-06-09T08:38:58.465Z] Checked if tokens are valid: true, expires at: 1780997427982
[debug] [2026-06-09T08:38:58.465Z] >>> [apiv2][query] GET https://firebaseextensions.googleapis.com/v1beta/projects/vertey-cf1b9/instances pageSize=100&pageToken=
[debug] [2026-06-09T08:38:59.444Z] <<< [apiv2][status] GET https://firebaseextensions.googleapis.com/v1beta/projects/vertey-cf1b9/instances 200
[debug] [2026-06-09T08:38:59.445Z] <<< [apiv2][body] GET https://firebaseextensions.googleapis.com/v1beta/projects/vertey-cf1b9/instances {}
[debug] [2026-06-09T08:38:59.446Z] Checked if tokens are valid: true, expires at: 1780997427982
[debug] [2026-06-09T08:38:59.446Z] Checked if tokens are valid: true, expires at: 1780997427982
[debug] [2026-06-09T08:38:59.446Z] >>> [apiv2][query] GET https://secretmanager.googleapis.com/v1/projects/vertey-cf1b9/secrets/ELEVENLABS_WEBHOOK_SECRET [none]
[debug] [2026-06-09T08:38:59.954Z] <<< [apiv2][status] GET https://secretmanager.googleapis.com/v1/projects/vertey-cf1b9/secrets/ELEVENLABS_WEBHOOK_SECRET 200
[debug] [2026-06-09T08:38:59.954Z] <<< [apiv2][body] GET https://secretmanager.googleapis.com/v1/projects/vertey-cf1b9/secrets/ELEVENLABS_WEBHOOK_SECRET {"name":"projects/1011722836316/secrets/ELEVENLABS_WEBHOOK_SECRET","replication":{"automatic":{}},"createTime":"2026-06-09T08:31:31.325515Z","labels":{"firebase-managed":"functions"},"etag":"\"1653cdf44e5e73\""}
[debug] [2026-06-09T08:38:59.956Z] Checked if tokens are valid: true, expires at: 1780997427982
[debug] [2026-06-09T08:38:59.956Z] Checked if tokens are valid: true, expires at: 1780997427982
[debug] [2026-06-09T08:38:59.956Z] >>> [apiv2][query] GET https://secretmanager.googleapis.com/v1/projects/vertey-cf1b9/secrets/ELEVENLABS_WEBHOOK_SECRET/versions/latest [none]
[debug] [2026-06-09T08:39:00.180Z] <<< [apiv2][status] GET https://secretmanager.googleapis.com/v1/projects/vertey-cf1b9/secrets/ELEVENLABS_WEBHOOK_SECRET/versions/latest 200
[debug] [2026-06-09T08:39:00.180Z] <<< [apiv2][body] GET https://secretmanager.googleapis.com/v1/projects/vertey-cf1b9/secrets/ELEVENLABS_WEBHOOK_SECRET/versions/latest {"name":"projects/1011722836316/secrets/ELEVENLABS_WEBHOOK_SECRET/versions/1","createTime":"2026-06-09T08:31:37.066904Z","state":"ENABLED","replicationStatus":{"automatic":{}},"etag":"\"1653cdf494f198\""}
[info] i  functions: preparing functions directory for uploading... 
[info] i  functions: packaged /Users/raulgm/Developer/Zoem/Zoem/functions (35.62 KB) for uploading 
[debug] [2026-06-09T08:39:00.211Z] Checked if tokens are valid: true, expires at: 1780997427982
[debug] [2026-06-09T08:39:00.211Z] Checked if tokens are valid: true, expires at: 1780997427982
[debug] [2026-06-09T08:39:00.211Z] >>> [apiv2][query] GET https://cloudfunctions.googleapis.com/v1/projects/vertey-cf1b9/locations/-/functions [none]
[debug] [2026-06-09T08:39:00.978Z] <<< [apiv2][status] GET https://cloudfunctions.googleapis.com/v1/projects/vertey-cf1b9/locations/-/functions 200
[debug] [2026-06-09T08:39:00.978Z] <<< [apiv2][body] GET https://cloudfunctions.googleapis.com/v1/projects/vertey-cf1b9/locations/-/functions {}
[debug] [2026-06-09T08:39:00.979Z] Checked if tokens are valid: true, expires at: 1780997427982
[debug] [2026-06-09T08:39:00.979Z] Checked if tokens are valid: true, expires at: 1780997427982
[debug] [2026-06-09T08:39:00.979Z] >>> [apiv2][query] GET https://cloudfunctions.googleapis.com/v2/projects/vertey-cf1b9/locations/-/functions filter=environment%3D%22GEN_2%22
[debug] [2026-06-09T08:39:02.008Z] <<< [apiv2][status] GET https://cloudfunctions.googleapis.com/v2/projects/vertey-cf1b9/locations/-/functions 200
[debug] [2026-06-09T08:39:02.008Z] <<< [apiv2][body] GET https://cloudfunctions.googleapis.com/v2/projects/vertey-cf1b9/locations/-/functions {"functions":[{"name":"projects/vertey-cf1b9/locations/us-central1/functions/elevenLabsWebhook","buildConfig":{"build":"projects/1011722836316/locations/us-central1/builds/7aac0492-ef32-468e-8058-792086325cf2","runtime":"nodejs22","entryPoint":"elevenLabsWebhook","source":{"storageSource":{"bucket":"gcf-v2-sources-1011722836316-us-central1","object":"elevenLabsWebhook/function-source.zip","generation":"1780994193145349"}},"environmentVariables":{"GOOGLE_NODE_RUN_SCRIPTS":""},"dockerRepository":"projects/vertey-cf1b9/locations/us-central1/repositories/gcf-artifacts","sourceProvenance":{"resolvedStorageSource":{"bucket":"gcf-v2-sources-1011722836316-us-central1","object":"elevenLabsWebhook/function-source.zip","generation":"1780994193145349"}},"dockerRegistry":"ARTIFACT_REGISTRY","serviceAccount":"projects/vertey-cf1b9/serviceAccounts/1011722836316-compute@developer.gserviceaccount.com","automaticUpdatePolicy":{}},"state":"FAILED","updateTime":"2026-06-09T08:37:20.690445129Z","labels":{"deployment-tool":"cli-firebase","firebase-functions-hash":"c5684094271f3a060cdacd3cd21cf81bcb0ef631"},"stateMessages":[{"severity":"ERROR","type":"CloudRunServiceNotFound","message":"Cloud Run service projects/vertey-cf1b9/locations/us-central1/services/elevenlabswebhook for the function was not found. The function will not work correctly. Please redeploy."}],"environment":"GEN_2","url":"https://us-central1-vertey-cf1b9.cloudfunctions.net/elevenLabsWebhook","createTime":"2026-06-09T08:36:33.467491569Z","satisfiesPzi":true}]}
[info] i  functions: ensuring required API run.googleapis.com is enabled... 
[info] i  functions: ensuring required API eventarc.googleapis.com is enabled... 
[info] i  functions: ensuring required API pubsub.googleapis.com is enabled... 
[info] i  functions: ensuring required API storage.googleapis.com is enabled... 
[info] i  functions: generating the service identity for pubsub.googleapis.com... 
[debug] [2026-06-09T08:39:02.012Z] Checked if tokens are valid: true, expires at: 1780997427982
[debug] [2026-06-09T08:39:02.012Z] Checked if tokens are valid: true, expires at: 1780997427982
[info] i  functions: generating the service identity for eventarc.googleapis.com... 
[debug] [2026-06-09T08:39:02.012Z] Checked if tokens are valid: true, expires at: 1780997427982
[debug] [2026-06-09T08:39:02.012Z] Checked if tokens are valid: true, expires at: 1780997427982
[debug] [2026-06-09T08:39:02.012Z] >>> [apiv2][query] POST https://serviceusage.googleapis.com/v1beta1/projects/1011722836316/services/pubsub.googleapis.com:generateServiceIdentity [none]
[debug] [2026-06-09T08:39:02.012Z] >>> [apiv2][(partial)header] POST https://serviceusage.googleapis.com/v1beta1/projects/1011722836316/services/pubsub.googleapis.com:generateServiceIdentity  x-goog-user-project=1011722836316
[debug] [2026-06-09T08:39:02.012Z] >>> [apiv2][body] POST https://serviceusage.googleapis.com/v1beta1/projects/1011722836316/services/pubsub.googleapis.com:generateServiceIdentity {}
[debug] [2026-06-09T08:39:02.014Z] >>> [apiv2][query] POST https://serviceusage.googleapis.com/v1beta1/projects/1011722836316/services/eventarc.googleapis.com:generateServiceIdentity [none]
[debug] [2026-06-09T08:39:02.015Z] >>> [apiv2][(partial)header] POST https://serviceusage.googleapis.com/v1beta1/projects/1011722836316/services/eventarc.googleapis.com:generateServiceIdentity  x-goog-user-project=1011722836316
[debug] [2026-06-09T08:39:02.015Z] >>> [apiv2][body] POST https://serviceusage.googleapis.com/v1beta1/projects/1011722836316/services/eventarc.googleapis.com:generateServiceIdentity {}
[debug] [2026-06-09T08:39:03.145Z] <<< [apiv2][status] POST https://serviceusage.googleapis.com/v1beta1/projects/1011722836316/services/pubsub.googleapis.com:generateServiceIdentity 200
[debug] [2026-06-09T08:39:03.146Z] <<< [apiv2][body] POST https://serviceusage.googleapis.com/v1beta1/projects/1011722836316/services/pubsub.googleapis.com:generateServiceIdentity {"name":"operations/finished.DONE_OPERATION","done":true,"response":{"@type":"type.googleapis.com/google.api.serviceusage.v1beta1.ServiceIdentity","email":"service-1011722836316@gcp-sa-pubsub.iam.gserviceaccount.com","uniqueId":"110777018645457085641"}}
[debug] [2026-06-09T08:39:03.185Z] <<< [apiv2][status] POST https://serviceusage.googleapis.com/v1beta1/projects/1011722836316/services/eventarc.googleapis.com:generateServiceIdentity 200
[debug] [2026-06-09T08:39:03.185Z] <<< [apiv2][body] POST https://serviceusage.googleapis.com/v1beta1/projects/1011722836316/services/eventarc.googleapis.com:generateServiceIdentity {"name":"operations/finished.DONE_OPERATION","done":true,"response":{"@type":"type.googleapis.com/google.api.serviceusage.v1beta1.ServiceIdentity","email":"service-1011722836316@gcp-sa-eventarc.iam.gserviceaccount.com","uniqueId":"110958607948192226282"}}
[info] i  functions: ensuring required API secretmanager.googleapis.com is enabled... 
[debug] [2026-06-09T08:39:03.188Z] Checked if tokens are valid: true, expires at: 1780997427982
[debug] [2026-06-09T08:39:03.188Z] Checked if tokens are valid: true, expires at: 1780997427982
[debug] [2026-06-09T08:39:03.188Z] >>> [apiv2][query] GET https://secretmanager.googleapis.com/v1/projects/vertey-cf1b9/secrets/ELEVENLABS_WEBHOOK_SECRET/versions/latest [none]
[debug] [2026-06-09T08:39:03.397Z] <<< [apiv2][status] GET https://secretmanager.googleapis.com/v1/projects/vertey-cf1b9/secrets/ELEVENLABS_WEBHOOK_SECRET/versions/latest 200
[debug] [2026-06-09T08:39:03.397Z] <<< [apiv2][body] GET https://secretmanager.googleapis.com/v1/projects/vertey-cf1b9/secrets/ELEVENLABS_WEBHOOK_SECRET/versions/latest {"name":"projects/1011722836316/secrets/ELEVENLABS_WEBHOOK_SECRET/versions/1","createTime":"2026-06-09T08:31:37.066904Z","state":"ENABLED","replicationStatus":{"automatic":{}},"etag":"\"1653cdf494f198\""}
[debug] [2026-06-09T08:39:03.397Z] Resolved secret version of ELEVENLABS_WEBHOOK_SECRET to 1.
[debug] [2026-06-09T08:39:03.399Z] Checked if tokens are valid: true, expires at: 1780997427982
[debug] [2026-06-09T08:39:03.399Z] Checked if tokens are valid: true, expires at: 1780997427982
[debug] [2026-06-09T08:39:03.399Z] >>> [apiv2][query] GET https://cloudresourcemanager.googleapis.com/v1/projects/vertey-cf1b9 [none]
[debug] [2026-06-09T08:39:03.637Z] <<< [apiv2][status] GET https://cloudresourcemanager.googleapis.com/v1/projects/vertey-cf1b9 200
[debug] [2026-06-09T08:39:03.637Z] <<< [apiv2][body] GET https://cloudresourcemanager.googleapis.com/v1/projects/vertey-cf1b9 {"projectNumber":"1011722836316","projectId":"vertey-cf1b9","lifecycleState":"ACTIVE","name":"Vertey","labels":{"firebase":"enabled","firebase-core":"disabled"},"createTime":"2026-05-19T21:04:10.860Z"}
[debug] [2026-06-09T08:39:03.638Z] Checked if tokens are valid: true, expires at: 1780997427982
[debug] [2026-06-09T08:39:03.638Z] Checked if tokens are valid: true, expires at: 1780997427982
[debug] [2026-06-09T08:39:03.638Z] >>> [apiv2][query] GET https://compute.googleapis.com/compute/v1/projects/1011722836316 [none]
[debug] [2026-06-09T08:39:03.940Z] <<< [apiv2][status] GET https://compute.googleapis.com/compute/v1/projects/1011722836316 403
[debug] [2026-06-09T08:39:03.940Z] <<< [apiv2][body] GET https://compute.googleapis.com/compute/v1/projects/1011722836316 {"error":{"code":403,"message":"Compute Engine API has not been used in project 1011722836316 before or it is disabled. Enable it by visiting https://console.developers.google.com/apis/api/compute.googleapis.com/overview?project=1011722836316 then retry. If you enabled this API recently, wait a few minutes for the action to propagate to our systems and retry.","errors":[{"message":"Compute Engine API has not been used in project 1011722836316 before or it is disabled. Enable it by visiting https://console.developers.google.com/apis/api/compute.googleapis.com/overview?project=1011722836316 then retry. If you enabled this API recently, wait a few minutes for the action to propagate to our systems and retry.","domain":"usageLimits","reason":"accessNotConfigured","extendedHelp":"https://console.developers.google.com"}],"status":"PERMISSION_DENIED","details":[{"@type":"type.googleapis.com/google.rpc.ErrorInfo","reason":"SERVICE_DISABLED","domain":"googleapis.com","metadata":{"containerInfo":"1011722836316","consumer":"projects/1011722836316","activationUrl":"https://console.developers.google.com/apis/api/compute.googleapis.com/overview?project=1011722836316","service":"compute.googleapis.com","serviceTitle":"Compute Engine API"}},{"@type":"type.googleapis.com/google.rpc.LocalizedMessage","locale":"en-US","message":"Compute Engine API has not been used in project 1011722836316 before or it is disabled. Enable it by visiting https://console.developers.google.com/apis/api/compute.googleapis.com/overview?project=1011722836316 then retry. If you enabled this API recently, wait a few minutes for the action to propagate to our systems and retry."},{"@type":"type.googleapis.com/google.rpc.Help","links":[{"description":"Google developers console API activation","url":"https://console.developers.google.com/apis/api/compute.googleapis.com/overview?project=1011722836316"}]}]}}
[debug] [2026-06-09T08:39:03.941Z] unable to look up default compute service account. Falling back to 1011722836316-compute@developer.gserviceaccount.com. Error: {"name":"FirebaseError","children":[],"context":{"body":{"error":{"code":403,"message":"Compute Engine API has not been used in project 1011722836316 before or it is disabled. Enable it by visiting https://console.developers.google.com/apis/api/compute.googleapis.com/overview?project=1011722836316 then retry. If you enabled this API recently, wait a few minutes for the action to propagate to our systems and retry.","errors":[{"message":"Compute Engine API has not been used in project 1011722836316 before or it is disabled. Enable it by visiting https://console.developers.google.com/apis/api/compute.googleapis.com/overview?project=1011722836316 then retry. If you enabled this API recently, wait a few minutes for the action to propagate to our systems and retry.","domain":"usageLimits","reason":"accessNotConfigured","extendedHelp":"https://console.developers.google.com"}],"status":"PERMISSION_DENIED","details":[{"@type":"type.googleapis.com/google.rpc.ErrorInfo","reason":"SERVICE_DISABLED","domain":"googleapis.com","metadata":{"containerInfo":"1011722836316","consumer":"projects/1011722836316","activationUrl":"https://console.developers.google.com/apis/api/compute.googleapis.com/overview?project=1011722836316","service":"compute.googleapis.com","serviceTitle":"Compute Engine API"}},{"@type":"type.googleapis.com/google.rpc.LocalizedMessage","locale":"en-US","message":"Compute Engine API has not been used in project 1011722836316 before or it is disabled. Enable it by visiting https://console.developers.google.com/apis/api/compute.googleapis.com/overview?project=1011722836316 then retry. If you enabled this API recently, wait a few minutes for the action to propagate to our systems and retry."},{"@type":"type.googleapis.com/google.rpc.Help","links":[{"description":"Google developers console API activation","url":"https://console.developers.google.com/apis/api/compute.googleapis.com/overview?project=1011722836316"}]}]}},"response":{"statusCode":403}},"exit":1,"message":"Request to https://compute.googleapis.com/compute/v1/projects/1011722836316 had HTTP Error: 403, Compute Engine API has not been used in project 1011722836316 before or it is disabled. Enable it by visiting https://console.developers.google.com/apis/api/compute.googleapis.com/overview?project=1011722836316 then retry. If you enabled this API recently, wait a few minutes for the action to propagate to our systems and retry.","status":403}
[debug] [2026-06-09T08:39:03.941Z] Checked if tokens are valid: true, expires at: 1780997427982
[debug] [2026-06-09T08:39:03.941Z] Checked if tokens are valid: true, expires at: 1780997427982
[debug] [2026-06-09T08:39:03.941Z] >>> [apiv2][query] GET https://compute.googleapis.com/compute/v1/projects/1011722836316 [none]
[debug] [2026-06-09T08:39:04.239Z] <<< [apiv2][status] GET https://compute.googleapis.com/compute/v1/projects/1011722836316 403
[debug] [2026-06-09T08:39:04.240Z] <<< [apiv2][body] GET https://compute.googleapis.com/compute/v1/projects/1011722836316 {"error":{"code":403,"message":"Compute Engine API has not been used in project 1011722836316 before or it is disabled. Enable it by visiting https://console.developers.google.com/apis/api/compute.googleapis.com/overview?project=1011722836316 then retry. If you enabled this API recently, wait a few minutes for the action to propagate to our systems and retry.","errors":[{"message":"Compute Engine API has not been used in project 1011722836316 before or it is disabled. Enable it by visiting https://console.developers.google.com/apis/api/compute.googleapis.com/overview?project=1011722836316 then retry. If you enabled this API recently, wait a few minutes for the action to propagate to our systems and retry.","domain":"usageLimits","reason":"accessNotConfigured","extendedHelp":"https://console.developers.google.com"}],"status":"PERMISSION_DENIED","details":[{"@type":"type.googleapis.com/google.rpc.ErrorInfo","reason":"SERVICE_DISABLED","domain":"googleapis.com","metadata":{"containerInfo":"1011722836316","activationUrl":"https://console.developers.google.com/apis/api/compute.googleapis.com/overview?project=1011722836316","consumer":"projects/1011722836316","serviceTitle":"Compute Engine API","service":"compute.googleapis.com"}},{"@type":"type.googleapis.com/google.rpc.LocalizedMessage","locale":"en-US","message":"Compute Engine API has not been used in project 1011722836316 before or it is disabled. Enable it by visiting https://console.developers.google.com/apis/api/compute.googleapis.com/overview?project=1011722836316 then retry. If you enabled this API recently, wait a few minutes for the action to propagate to our systems and retry."},{"@type":"type.googleapis.com/google.rpc.Help","links":[{"description":"Google developers console API activation","url":"https://console.developers.google.com/apis/api/compute.googleapis.com/overview?project=1011722836316"}]}]}}
[debug] [2026-06-09T08:39:04.240Z] unable to look up default compute service account. Falling back to 1011722836316-compute@developer.gserviceaccount.com. Error: {"name":"FirebaseError","children":[],"context":{"body":{"error":{"code":403,"message":"Compute Engine API has not been used in project 1011722836316 before or it is disabled. Enable it by visiting https://console.developers.google.com/apis/api/compute.googleapis.com/overview?project=1011722836316 then retry. If you enabled this API recently, wait a few minutes for the action to propagate to our systems and retry.","errors":[{"message":"Compute Engine API has not been used in project 1011722836316 before or it is disabled. Enable it by visiting https://console.developers.google.com/apis/api/compute.googleapis.com/overview?project=1011722836316 then retry. If you enabled this API recently, wait a few minutes for the action to propagate to our systems and retry.","domain":"usageLimits","reason":"accessNotConfigured","extendedHelp":"https://console.developers.google.com"}],"status":"PERMISSION_DENIED","details":[{"@type":"type.googleapis.com/google.rpc.ErrorInfo","reason":"SERVICE_DISABLED","domain":"googleapis.com","metadata":{"containerInfo":"1011722836316","activationUrl":"https://console.developers.google.com/apis/api/compute.googleapis.com/overview?project=1011722836316","consumer":"projects/1011722836316","serviceTitle":"Compute Engine API","service":"compute.googleapis.com"}},{"@type":"type.googleapis.com/google.rpc.LocalizedMessage","locale":"en-US","message":"Compute Engine API has not been used in project 1011722836316 before or it is disabled. Enable it by visiting https://console.developers.google.com/apis/api/compute.googleapis.com/overview?project=1011722836316 then retry. If you enabled this API recently, wait a few minutes for the action to propagate to our systems and retry."},{"@type":"type.googleapis.com/google.rpc.Help","links":[{"description":"Google developers console API activation","url":"https://console.developers.google.com/apis/api/compute.googleapis.com/overview?project=1011722836316"}]}]}},"response":{"statusCode":403}},"exit":1,"message":"Request to https://compute.googleapis.com/compute/v1/projects/1011722836316 had HTTP Error: 403, Compute Engine API has not been used in project 1011722836316 before or it is disabled. Enable it by visiting https://console.developers.google.com/apis/api/compute.googleapis.com/overview?project=1011722836316 then retry. If you enabled this API recently, wait a few minutes for the action to propagate to our systems and retry.","status":403}
[info] i  functions: ensuring 1011722836316-compute@developer.gserviceaccount.com access to secret ELEVENLABS_WEBHOOK_SECRET. 
[debug] [2026-06-09T08:39:04.241Z] Checked if tokens are valid: true, expires at: 1780997427982
[debug] [2026-06-09T08:39:04.241Z] Checked if tokens are valid: true, expires at: 1780997427982
[debug] [2026-06-09T08:39:04.241Z] >>> [apiv2][query] GET https://secretmanager.googleapis.com/v1/projects/vertey-cf1b9/secrets/ELEVENLABS_WEBHOOK_SECRET:getIamPolicy [none]
[debug] [2026-06-09T08:39:04.709Z] <<< [apiv2][status] GET https://secretmanager.googleapis.com/v1/projects/vertey-cf1b9/secrets/ELEVENLABS_WEBHOOK_SECRET:getIamPolicy 200
[debug] [2026-06-09T08:39:04.709Z] <<< [apiv2][body] GET https://secretmanager.googleapis.com/v1/projects/vertey-cf1b9/secrets/ELEVENLABS_WEBHOOK_SECRET:getIamPolicy {"version":1,"etag":"BwZTzgX8yPI=","bindings":[{"role":"roles/secretmanager.secretAccessor","members":["serviceAccount:1011722836316-compute@developer.gserviceaccount.com"]}]}
[info] ✔  secretmanager: Granted roles/secretmanager.secretAccessor on projects/vertey-cf1b9/secrets/ELEVENLABS_WEBHOOK_SECRET to 1011722836316-compute@developer.gserviceaccount.com 
[info] ✔  functions: ensured 1011722836316-compute@developer.gserviceaccount.com access to ELEVENLABS_WEBHOOK_SECRET. 
[debug] [2026-06-09T08:39:04.712Z] Checked if tokens are valid: true, expires at: 1780997427982
[debug] [2026-06-09T08:39:04.712Z] Checked if tokens are valid: true, expires at: 1780997427982
[debug] [2026-06-09T08:39:04.712Z] >>> [apiv2][query] GET https://cloudbilling.googleapis.com/v1/projects/vertey-cf1b9/billingInfo [none]
[debug] [2026-06-09T08:39:05.124Z] <<< [apiv2][status] GET https://cloudbilling.googleapis.com/v1/projects/vertey-cf1b9/billingInfo 200
[debug] [2026-06-09T08:39:05.124Z] <<< [apiv2][body] GET https://cloudbilling.googleapis.com/v1/projects/vertey-cf1b9/billingInfo {"name":"projects/vertey-cf1b9/billingInfo","projectId":"vertey-cf1b9","billingAccountName":"billingAccounts/0104AD-E4EF45-5F4899","billingEnabled":true}
[debug] [2026-06-09T08:39:05.127Z] Checked if tokens are valid: true, expires at: 1780997427982
[debug] [2026-06-09T08:39:05.127Z] Checked if tokens are valid: true, expires at: 1780997427982
[debug] [2026-06-09T08:39:05.127Z] >>> [apiv2][query] POST https://cloudfunctions.googleapis.com/v2/projects/vertey-cf1b9/locations/us-central1/functions:generateUploadUrl [none]
[debug] [2026-06-09T08:39:05.963Z] <<< [apiv2][status] POST https://cloudfunctions.googleapis.com/v2/projects/vertey-cf1b9/locations/us-central1/functions:generateUploadUrl 200
[debug] [2026-06-09T08:39:05.963Z] <<< [apiv2][body] POST https://cloudfunctions.googleapis.com/v2/projects/vertey-cf1b9/locations/us-central1/functions:generateUploadUrl {"uploadUrl":"https://storage.googleapis.com/gcf-v2-uploads-1011722836316.us-central1.cloudfunctions.appspot.com/a7c32374-9e69-4360-b90a-f5e65f1df04d.zip?GoogleAccessId=service-1011722836316@gcf-admin-robot.iam.gserviceaccount.com&Expires=1780996146&Signature=gSsLBNBq3q83rvxcXNKR8I%2FXdBuIbRn1HKZWv7J9VYJo6HuAnTaWiW%2BAaY4vZxPILI57jpWqhH%2BzRfSCuBWG8lXUK3NHfM13xoNiS3ynZzMurUVfLYmDQPhxEoYmQrYO%2F77bwTK7dzr8lOMnTgDDy4SZ%2Bt3WXbgwKSpPSn%2BQazXRVKkfB4s9%2FcMsZjeHFk5ZFvEIyYCjk0dGyr6%2BnKbEKxFyAmZprobBqyYp%2Bil4f9xHmPIK21B%2FFtDQlmfiYqRxBWwr0sxaBWdVR0B7u9nAHPZPIYgfv%2FySQiBrzTLETajZWDC%2FVDUjsEeNi6xlUwto52oxtqdJcnrUfZ1%2B7NGkjw%3D%3D","storageSource":{"bucket":"gcf-v2-uploads-1011722836316.us-central1.cloudfunctions.appspot.com","object":"a7c32374-9e69-4360-b90a-f5e65f1df04d.zip"}}
[debug] [2026-06-09T08:39:05.964Z] >>> [apiv2][query] PUT https://storage.googleapis.com/gcf-v2-uploads-1011722836316.us-central1.cloudfunctions.appspot.com/a7c32374-9e69-4360-b90a-f5e65f1df04d.zip GoogleAccessId=service-1011722836316%40gcf-admin-robot.iam.gserviceaccount.com&Expires=1780996146&Signature=gSsLBNBq3q83rvxcXNKR8I%2FXdBuIbRn1HKZWv7J9VYJo6HuAnTaWiW%2BAaY4vZxPILI57jpWqhH%2BzRfSCuBWG8lXUK3NHfM13xoNiS3ynZzMurUVfLYmDQPhxEoYmQrYO%2F77bwTK7dzr8lOMnTgDDy4SZ%2Bt3WXbgwKSpPSn%2BQazXRVKkfB4s9%2FcMsZjeHFk5ZFvEIyYCjk0dGyr6%2BnKbEKxFyAmZprobBqyYp%2Bil4f9xHmPIK21B%2FFtDQlmfiYqRxBWwr0sxaBWdVR0B7u9nAHPZPIYgfv%2FySQiBrzTLETajZWDC%2FVDUjsEeNi6xlUwto52oxtqdJcnrUfZ1%2B7NGkjw%3D%3D
[debug] [2026-06-09T08:39:05.964Z] >>> [apiv2][body] PUT https://storage.googleapis.com/gcf-v2-uploads-1011722836316.us-central1.cloudfunctions.appspot.com/a7c32374-9e69-4360-b90a-f5e65f1df04d.zip [stream]
[debug] [2026-06-09T08:39:06.484Z] <<< [apiv2][status] PUT https://storage.googleapis.com/gcf-v2-uploads-1011722836316.us-central1.cloudfunctions.appspot.com/a7c32374-9e69-4360-b90a-f5e65f1df04d.zip 200
[debug] [2026-06-09T08:39:06.484Z] <<< [apiv2][body] PUT https://storage.googleapis.com/gcf-v2-uploads-1011722836316.us-central1.cloudfunctions.appspot.com/a7c32374-9e69-4360-b90a-f5e65f1df04d.zip [omitted]
[info] ✔  functions: functions source uploaded successfully 
[info] i  functions: updating Node.js 22 (2nd Gen) function elevenLabsWebhook(us-central1)... 
[debug] [2026-06-09T08:39:06.489Z] Checked if tokens are valid: true, expires at: 1780997427982
[debug] [2026-06-09T08:39:06.489Z] Checked if tokens are valid: true, expires at: 1780997427982
[debug] [2026-06-09T08:39:06.489Z] >>> [apiv2][query] PATCH https://cloudfunctions.googleapis.com/v2/projects/vertey-cf1b9/locations/us-central1/functions/elevenLabsWebhook updateMask=name%2CbuildConfig.runtime%2CbuildConfig.entryPoint%2CbuildConfig.source.storageSource.bucket%2CbuildConfig.source.storageSource.object%2CbuildConfig.environmentVariables%2CbuildConfig.sourceToken%2CserviceConfig.environmentVariables%2CserviceConfig.secretEnvironmentVariables%2CserviceConfig.ingressSettings%2CserviceConfig.timeoutSeconds%2CserviceConfig.serviceAccountEmail%2CserviceConfig.availableMemory%2CserviceConfig.minInstanceCount%2CserviceConfig.maxInstanceCount%2CserviceConfig.maxInstanceRequestConcurrency%2CserviceConfig.availableCpu%2CserviceConfig.vpcConnector%2CserviceConfig.vpcConnectorEgressSettings%2CserviceConfig.directVpcNetworkInterface%2CserviceConfig.directVpcEgress%2Clabels
[debug] [2026-06-09T08:39:06.489Z] >>> [apiv2][body] PATCH https://cloudfunctions.googleapis.com/v2/projects/vertey-cf1b9/locations/us-central1/functions/elevenLabsWebhook {"name":"projects/vertey-cf1b9/locations/us-central1/functions/elevenLabsWebhook","buildConfig":{"runtime":"nodejs22","entryPoint":"elevenLabsWebhook","source":{"storageSource":{"bucket":"gcf-v2-uploads-1011722836316.us-central1.cloudfunctions.appspot.com","object":"a7c32374-9e69-4360-b90a-f5e65f1df04d.zip"}},"environmentVariables":{"GOOGLE_NODE_RUN_SCRIPTS":""}},"serviceConfig":{"environmentVariables":{"FIREBASE_CONFIG":"{\"projectId\":\"vertey-cf1b9\",\"storageBucket\":\"vertey-cf1b9.firebasestorage.app\"}","GCLOUD_PROJECT":"vertey-cf1b9","EVENTARC_CLOUD_EVENT_SOURCE":"projects/vertey-cf1b9/locations/us-central1/services/elevenLabsWebhook","FUNCTION_TARGET":"elevenLabsWebhook","LOG_EXECUTION_ID":"true"},"secretEnvironmentVariables":[{"key":"ELEVENLABS_WEBHOOK_SECRET","secret":"ELEVENLABS_WEBHOOK_SECRET","projectId":"vertey-cf1b9","version":"1"}],"ingressSettings":null,"timeoutSeconds":null,"serviceAccountEmail":null,"availableMemory":"256Mi","minInstanceCount":null,"maxInstanceCount":null,"maxInstanceRequestConcurrency":80,"availableCpu":"1","vpcConnector":null,"vpcConnectorEgressSettings":null,"directVpcNetworkInterface":null,"directVpcEgress":null},"labels":{"deployment-tool":"cli-firebase","firebase-functions-hash":"c5684094271f3a060cdacd3cd21cf81bcb0ef631"}}
[debug] [2026-06-09T08:39:08.018Z] <<< [apiv2][status] PATCH https://cloudfunctions.googleapis.com/v2/projects/vertey-cf1b9/locations/us-central1/functions/elevenLabsWebhook 200
[debug] [2026-06-09T08:39:08.019Z] <<< [apiv2][body] PATCH https://cloudfunctions.googleapis.com/v2/projects/vertey-cf1b9/locations/us-central1/functions/elevenLabsWebhook {"name":"projects/vertey-cf1b9/locations/us-central1/operations/operation-1780994347364-653ce0f6bef07-ebb45043-1465e05c","metadata":{"@type":"type.googleapis.com/google.cloud.functions.v2.OperationMetadata","createTime":"2026-06-09T08:39:08.131898646Z","target":"projects/vertey-cf1b9/locations/us-central1/functions/elevenLabsWebhook","verb":"update","cancelRequested":false,"apiVersion":"v2"},"done":false}
[debug] [2026-06-09T08:39:08.019Z] Checked if tokens are valid: true, expires at: 1780997427982
[debug] [2026-06-09T08:39:08.019Z] Checked if tokens are valid: true, expires at: 1780997427982
[debug] [2026-06-09T08:39:08.020Z] >>> [apiv2][query] GET https://cloudfunctions.googleapis.com/v2/projects/vertey-cf1b9/locations/us-central1/operations/operation-1780994347364-653ce0f6bef07-ebb45043-1465e05c [none]
[debug] [2026-06-09T08:39:08.756Z] <<< [apiv2][status] GET https://cloudfunctions.googleapis.com/v2/projects/vertey-cf1b9/locations/us-central1/operations/operation-1780994347364-653ce0f6bef07-ebb45043-1465e05c 200
[debug] [2026-06-09T08:39:08.757Z] <<< [apiv2][body] GET https://cloudfunctions.googleapis.com/v2/projects/vertey-cf1b9/locations/us-central1/operations/operation-1780994347364-653ce0f6bef07-ebb45043-1465e05c {"name":"projects/vertey-cf1b9/locations/us-central1/operations/operation-1780994347364-653ce0f6bef07-ebb45043-1465e05c","metadata":{"@type":"type.googleapis.com/google.cloud.functions.v2.OperationMetadata","createTime":"2026-06-09T08:39:08.131898646Z","target":"projects/vertey-cf1b9/locations/us-central1/functions/elevenLabsWebhook","verb":"update","cancelRequested":false,"apiVersion":"v2","requestResource":{"@type":"type.googleapis.com/google.cloud.functions.v2.Function","name":"projects/vertey-cf1b9/locations/us-central1/functions/elevenLabsWebhook","buildConfig":{"runtime":"nodejs22","entryPoint":"elevenLabsWebhook","source":{"storageSource":{"bucket":"gcf-v2-sources-1011722836316-us-central1","object":"elevenLabsWebhook/function-source.zip","generation":"1780994348085432"}},"environmentVariables":{"GOOGLE_NODE_RUN_SCRIPTS":""},"dockerRepository":"projects/vertey-cf1b9/locations/us-central1/repositories/gcf-artifacts","sourceProvenance":{"resolvedStorageSource":{"bucket":"gcf-v2-sources-1011722836316-us-central1","object":"elevenLabsWebhook/function-source.zip","generation":"1780994193145349"}},"dockerRegistry":"ARTIFACT_REGISTRY","serviceAccount":"projects/vertey-cf1b9/serviceAccounts/1011722836316-compute@developer.gserviceaccount.com","automaticUpdatePolicy":{}},"serviceConfig":{"service":"projects/vertey-cf1b9/locations/us-central1/services/elevenlabswebhook","timeoutSeconds":60,"environmentVariables":{"FIREBASE_CONFIG":"{\"projectId\":\"vertey-cf1b9\",\"storageBucket\":\"vertey-cf1b9.firebasestorage.app\"}","GCLOUD_PROJECT":"vertey-cf1b9","EVENTARC_CLOUD_EVENT_SOURCE":"projects/vertey-cf1b9/locations/us-central1/services/elevenLabsWebhook","FUNCTION_TARGET":"elevenLabsWebhook","LOG_EXECUTION_ID":"true"},"ingressSettings":"ALLOW_ALL","serviceAccountEmail":"1011722836316-compute@developer.gserviceaccount.com","availableMemory":"256Mi","secretEnvironmentVariables":[{"key":"ELEVENLABS_WEBHOOK_SECRET","projectId":"vertey-cf1b9","secret":"ELEVENLABS_WEBHOOK_SECRET","version":"1"}],"maxInstanceRequestConcurrency":80,"availableCpu":"1"},"state":"FAILED","labels":{"firebase-functions-hash":"c5684094271f3a060cdacd3cd21cf81bcb0ef631"},"stateMessages":[{"severity":"ERROR","type":"CloudRunServiceNotFound","message":"Cloud Run service projects/vertey-cf1b9/locations/us-central1/services/elevenlabswebhook for the function was not found. The function will not work correctly. Please redeploy."}],"environment":"GEN_2","url":"https://us-central1-vertey-cf1b9.cloudfunctions.net/elevenLabsWebhook","satisfiesPzi":true},"stages":[{"name":"BUILD","message":"Creating build","state":"IN_PROGRESS","resource":"projects/1011722836316/locations/us-central1/builds/8e676356-36ec-4225-bd70-b621889f9587","resourceUri":"https://console.cloud.google.com/cloud-build/builds;region=us-central1/8e676356-36ec-4225-bd70-b621889f9587?project=1011722836316"},{"name":"SERVICE","state":"NOT_STARTED"}],"operationType":"UPDATE_FUNCTION","buildName":"projects/1011722836316/locations/us-central1/builds/8e676356-36ec-4225-bd70-b621889f9587"},"done":false}
[debug] [2026-06-09T08:39:09.259Z] [update-default-us-central1-elevenLabsWebhook] Retrying task index 0
[debug] [2026-06-09T08:39:09.259Z] Checked if tokens are valid: true, expires at: 1780997427982
[debug] [2026-06-09T08:39:09.259Z] Checked if tokens are valid: true, expires at: 1780997427982
[debug] [2026-06-09T08:39:09.259Z] >>> [apiv2][query] GET https://cloudfunctions.googleapis.com/v2/projects/vertey-cf1b9/locations/us-central1/operations/operation-1780994347364-653ce0f6bef07-ebb45043-1465e05c [none]
[debug] [2026-06-09T08:39:10.026Z] <<< [apiv2][status] GET https://cloudfunctions.googleapis.com/v2/projects/vertey-cf1b9/locations/us-central1/operations/operation-1780994347364-653ce0f6bef07-ebb45043-1465e05c 200
[debug] [2026-06-09T08:39:10.027Z] <<< [apiv2][body] GET https://cloudfunctions.googleapis.com/v2/projects/vertey-cf1b9/locations/us-central1/operations/operation-1780994347364-653ce0f6bef07-ebb45043-1465e05c {"name":"projects/vertey-cf1b9/locations/us-central1/operations/operation-1780994347364-653ce0f6bef07-ebb45043-1465e05c","metadata":{"@type":"type.googleapis.com/google.cloud.functions.v2.OperationMetadata","createTime":"2026-06-09T08:39:08.131898646Z","target":"projects/vertey-cf1b9/locations/us-central1/functions/elevenLabsWebhook","verb":"update","cancelRequested":false,"apiVersion":"v2","requestResource":{"@type":"type.googleapis.com/google.cloud.functions.v2.Function","name":"projects/vertey-cf1b9/locations/us-central1/functions/elevenLabsWebhook","buildConfig":{"runtime":"nodejs22","entryPoint":"elevenLabsWebhook","source":{"storageSource":{"bucket":"gcf-v2-sources-1011722836316-us-central1","object":"elevenLabsWebhook/function-source.zip","generation":"1780994348085432"}},"environmentVariables":{"GOOGLE_NODE_RUN_SCRIPTS":""},"dockerRepository":"projects/vertey-cf1b9/locations/us-central1/repositories/gcf-artifacts","sourceProvenance":{"resolvedStorageSource":{"bucket":"gcf-v2-sources-1011722836316-us-central1","object":"elevenLabsWebhook/function-source.zip","generation":"1780994193145349"}},"dockerRegistry":"ARTIFACT_REGISTRY","serviceAccount":"projects/vertey-cf1b9/serviceAccounts/1011722836316-compute@developer.gserviceaccount.com","automaticUpdatePolicy":{}},"serviceConfig":{"service":"projects/vertey-cf1b9/locations/us-central1/services/elevenlabswebhook","timeoutSeconds":60,"environmentVariables":{"FIREBASE_CONFIG":"{\"projectId\":\"vertey-cf1b9\",\"storageBucket\":\"vertey-cf1b9.firebasestorage.app\"}","GCLOUD_PROJECT":"vertey-cf1b9","EVENTARC_CLOUD_EVENT_SOURCE":"projects/vertey-cf1b9/locations/us-central1/services/elevenLabsWebhook","FUNCTION_TARGET":"elevenLabsWebhook","LOG_EXECUTION_ID":"true"},"ingressSettings":"ALLOW_ALL","serviceAccountEmail":"1011722836316-compute@developer.gserviceaccount.com","availableMemory":"256Mi","secretEnvironmentVariables":[{"key":"ELEVENLABS_WEBHOOK_SECRET","projectId":"vertey-cf1b9","secret":"ELEVENLABS_WEBHOOK_SECRET","version":"1"}],"maxInstanceRequestConcurrency":80,"availableCpu":"1"},"state":"FAILED","labels":{"firebase-functions-hash":"c5684094271f3a060cdacd3cd21cf81bcb0ef631"},"stateMessages":[{"severity":"ERROR","type":"CloudRunServiceNotFound","message":"Cloud Run service projects/vertey-cf1b9/locations/us-central1/services/elevenlabswebhook for the function was not found. The function will not work correctly. Please redeploy."}],"environment":"GEN_2","url":"https://us-central1-vertey-cf1b9.cloudfunctions.net/elevenLabsWebhook","satisfiesPzi":true},"stages":[{"name":"BUILD","message":"Build in progress","state":"IN_PROGRESS","resource":"projects/1011722836316/locations/us-central1/builds/8e676356-36ec-4225-bd70-b621889f9587","resourceUri":"https://console.cloud.google.com/cloud-build/builds;region=us-central1/8e676356-36ec-4225-bd70-b621889f9587?project=1011722836316"},{"name":"SERVICE","state":"NOT_STARTED"}],"operationType":"UPDATE_FUNCTION","buildName":"projects/1011722836316/locations/us-central1/builds/8e676356-36ec-4225-bd70-b621889f9587"},"done":false}
[debug] [2026-06-09T08:39:11.028Z] [update-default-us-central1-elevenLabsWebhook] Retrying task index 0
[debug] [2026-06-09T08:39:11.029Z] Checked if tokens are valid: true, expires at: 1780997427982
[debug] [2026-06-09T08:39:11.029Z] Checked if tokens are valid: true, expires at: 1780997427982
[debug] [2026-06-09T08:39:11.029Z] >>> [apiv2][query] GET https://cloudfunctions.googleapis.com/v2/projects/vertey-cf1b9/locations/us-central1/operations/operation-1780994347364-653ce0f6bef07-ebb45043-1465e05c [none]
[debug] [2026-06-09T08:39:11.759Z] <<< [apiv2][status] GET https://cloudfunctions.googleapis.com/v2/projects/vertey-cf1b9/locations/us-central1/operations/operation-1780994347364-653ce0f6bef07-ebb45043-1465e05c 200
[debug] [2026-06-09T08:39:11.760Z] <<< [apiv2][body] GET https://cloudfunctions.googleapis.com/v2/projects/vertey-cf1b9/locations/us-central1/operations/operation-1780994347364-653ce0f6bef07-ebb45043-1465e05c {"name":"projects/vertey-cf1b9/locations/us-central1/operations/operation-1780994347364-653ce0f6bef07-ebb45043-1465e05c","metadata":{"@type":"type.googleapis.com/google.cloud.functions.v2.OperationMetadata","createTime":"2026-06-09T08:39:08.131898646Z","target":"projects/vertey-cf1b9/locations/us-central1/functions/elevenLabsWebhook","verb":"update","cancelRequested":false,"apiVersion":"v2","requestResource":{"@type":"type.googleapis.com/google.cloud.functions.v2.Function","name":"projects/vertey-cf1b9/locations/us-central1/functions/elevenLabsWebhook","buildConfig":{"runtime":"nodejs22","entryPoint":"elevenLabsWebhook","source":{"storageSource":{"bucket":"gcf-v2-sources-1011722836316-us-central1","object":"elevenLabsWebhook/function-source.zip","generation":"1780994348085432"}},"environmentVariables":{"GOOGLE_NODE_RUN_SCRIPTS":""},"dockerRepository":"projects/vertey-cf1b9/locations/us-central1/repositories/gcf-artifacts","sourceProvenance":{"resolvedStorageSource":{"bucket":"gcf-v2-sources-1011722836316-us-central1","object":"elevenLabsWebhook/function-source.zip","generation":"1780994193145349"}},"dockerRegistry":"ARTIFACT_REGISTRY","serviceAccount":"projects/vertey-cf1b9/serviceAccounts/1011722836316-compute@developer.gserviceaccount.com","automaticUpdatePolicy":{}},"serviceConfig":{"service":"projects/vertey-cf1b9/locations/us-central1/services/elevenlabswebhook","timeoutSeconds":60,"environmentVariables":{"FIREBASE_CONFIG":"{\"projectId\":\"vertey-cf1b9\",\"storageBucket\":\"vertey-cf1b9.firebasestorage.app\"}","GCLOUD_PROJECT":"vertey-cf1b9","EVENTARC_CLOUD_EVENT_SOURCE":"projects/vertey-cf1b9/locations/us-central1/services/elevenLabsWebhook","FUNCTION_TARGET":"elevenLabsWebhook","LOG_EXECUTION_ID":"true"},"ingressSettings":"ALLOW_ALL","serviceAccountEmail":"1011722836316-compute@developer.gserviceaccount.com","availableMemory":"256Mi","secretEnvironmentVariables":[{"key":"ELEVENLABS_WEBHOOK_SECRET","projectId":"vertey-cf1b9","secret":"ELEVENLABS_WEBHOOK_SECRET","version":"1"}],"maxInstanceRequestConcurrency":80,"availableCpu":"1"},"state":"FAILED","labels":{"firebase-functions-hash":"c5684094271f3a060cdacd3cd21cf81bcb0ef631"},"stateMessages":[{"severity":"ERROR","type":"CloudRunServiceNotFound","message":"Cloud Run service projects/vertey-cf1b9/locations/us-central1/services/elevenlabswebhook for the function was not found. The function will not work correctly. Please redeploy."}],"environment":"GEN_2","url":"https://us-central1-vertey-cf1b9.cloudfunctions.net/elevenLabsWebhook","satisfiesPzi":true},"stages":[{"name":"BUILD","message":"Build in progress","state":"IN_PROGRESS","resource":"projects/1011722836316/locations/us-central1/builds/8e676356-36ec-4225-bd70-b621889f9587","resourceUri":"https://console.cloud.google.com/cloud-build/builds;region=us-central1/8e676356-36ec-4225-bd70-b621889f9587?project=1011722836316"},{"name":"SERVICE","state":"NOT_STARTED"}],"operationType":"UPDATE_FUNCTION","buildName":"projects/1011722836316/locations/us-central1/builds/8e676356-36ec-4225-bd70-b621889f9587"},"done":false}
[debug] [2026-06-09T08:39:13.762Z] [update-default-us-central1-elevenLabsWebhook] Retrying task index 0
[debug] [2026-06-09T08:39:13.763Z] Checked if tokens are valid: true, expires at: 1780997427982
[debug] [2026-06-09T08:39:13.763Z] Checked if tokens are valid: true, expires at: 1780997427982
[debug] [2026-06-09T08:39:13.763Z] >>> [apiv2][query] GET https://cloudfunctions.googleapis.com/v2/projects/vertey-cf1b9/locations/us-central1/operations/operation-1780994347364-653ce0f6bef07-ebb45043-1465e05c [none]
[debug] [2026-06-09T08:39:14.519Z] <<< [apiv2][status] GET https://cloudfunctions.googleapis.com/v2/projects/vertey-cf1b9/locations/us-central1/operations/operation-1780994347364-653ce0f6bef07-ebb45043-1465e05c 200
[debug] [2026-06-09T08:39:14.519Z] <<< [apiv2][body] GET https://cloudfunctions.googleapis.com/v2/projects/vertey-cf1b9/locations/us-central1/operations/operation-1780994347364-653ce0f6bef07-ebb45043-1465e05c {"name":"projects/vertey-cf1b9/locations/us-central1/operations/operation-1780994347364-653ce0f6bef07-ebb45043-1465e05c","metadata":{"@type":"type.googleapis.com/google.cloud.functions.v2.OperationMetadata","createTime":"2026-06-09T08:39:08.131898646Z","target":"projects/vertey-cf1b9/locations/us-central1/functions/elevenLabsWebhook","verb":"update","cancelRequested":false,"apiVersion":"v2","requestResource":{"@type":"type.googleapis.com/google.cloud.functions.v2.Function","name":"projects/vertey-cf1b9/locations/us-central1/functions/elevenLabsWebhook","buildConfig":{"runtime":"nodejs22","entryPoint":"elevenLabsWebhook","source":{"storageSource":{"bucket":"gcf-v2-sources-1011722836316-us-central1","object":"elevenLabsWebhook/function-source.zip","generation":"1780994348085432"}},"environmentVariables":{"GOOGLE_NODE_RUN_SCRIPTS":""},"dockerRepository":"projects/vertey-cf1b9/locations/us-central1/repositories/gcf-artifacts","sourceProvenance":{"resolvedStorageSource":{"bucket":"gcf-v2-sources-1011722836316-us-central1","object":"elevenLabsWebhook/function-source.zip","generation":"1780994193145349"}},"dockerRegistry":"ARTIFACT_REGISTRY","serviceAccount":"projects/vertey-cf1b9/serviceAccounts/1011722836316-compute@developer.gserviceaccount.com","automaticUpdatePolicy":{}},"serviceConfig":{"service":"projects/vertey-cf1b9/locations/us-central1/services/elevenlabswebhook","timeoutSeconds":60,"environmentVariables":{"FIREBASE_CONFIG":"{\"projectId\":\"vertey-cf1b9\",\"storageBucket\":\"vertey-cf1b9.firebasestorage.app\"}","GCLOUD_PROJECT":"vertey-cf1b9","EVENTARC_CLOUD_EVENT_SOURCE":"projects/vertey-cf1b9/locations/us-central1/services/elevenLabsWebhook","FUNCTION_TARGET":"elevenLabsWebhook","LOG_EXECUTION_ID":"true"},"ingressSettings":"ALLOW_ALL","serviceAccountEmail":"1011722836316-compute@developer.gserviceaccount.com","availableMemory":"256Mi","secretEnvironmentVariables":[{"key":"ELEVENLABS_WEBHOOK_SECRET","projectId":"vertey-cf1b9","secret":"ELEVENLABS_WEBHOOK_SECRET","version":"1"}],"maxInstanceRequestConcurrency":80,"availableCpu":"1"},"state":"FAILED","labels":{"firebase-functions-hash":"c5684094271f3a060cdacd3cd21cf81bcb0ef631"},"stateMessages":[{"severity":"ERROR","type":"CloudRunServiceNotFound","message":"Cloud Run service projects/vertey-cf1b9/locations/us-central1/services/elevenlabswebhook for the function was not found. The function will not work correctly. Please redeploy."}],"environment":"GEN_2","url":"https://us-central1-vertey-cf1b9.cloudfunctions.net/elevenLabsWebhook","satisfiesPzi":true},"stages":[{"name":"BUILD","message":"Build in progress","state":"IN_PROGRESS","resource":"projects/1011722836316/locations/us-central1/builds/8e676356-36ec-4225-bd70-b621889f9587","resourceUri":"https://console.cloud.google.com/cloud-build/builds;region=us-central1/8e676356-36ec-4225-bd70-b621889f9587?project=1011722836316"},{"name":"SERVICE","state":"NOT_STARTED"}],"operationType":"UPDATE_FUNCTION","buildName":"projects/1011722836316/locations/us-central1/builds/8e676356-36ec-4225-bd70-b621889f9587"},"done":false}
[debug] [2026-06-09T08:39:18.521Z] [update-default-us-central1-elevenLabsWebhook] Retrying task index 0
[debug] [2026-06-09T08:39:18.521Z] Checked if tokens are valid: true, expires at: 1780997427982
[debug] [2026-06-09T08:39:18.521Z] Checked if tokens are valid: true, expires at: 1780997427982
[debug] [2026-06-09T08:39:18.521Z] >>> [apiv2][query] GET https://cloudfunctions.googleapis.com/v2/projects/vertey-cf1b9/locations/us-central1/operations/operation-1780994347364-653ce0f6bef07-ebb45043-1465e05c [none]
[debug] [2026-06-09T08:39:19.295Z] <<< [apiv2][status] GET https://cloudfunctions.googleapis.com/v2/projects/vertey-cf1b9/locations/us-central1/operations/operation-1780994347364-653ce0f6bef07-ebb45043-1465e05c 200
[debug] [2026-06-09T08:39:19.296Z] <<< [apiv2][body] GET https://cloudfunctions.googleapis.com/v2/projects/vertey-cf1b9/locations/us-central1/operations/operation-1780994347364-653ce0f6bef07-ebb45043-1465e05c {"name":"projects/vertey-cf1b9/locations/us-central1/operations/operation-1780994347364-653ce0f6bef07-ebb45043-1465e05c","metadata":{"@type":"type.googleapis.com/google.cloud.functions.v2.OperationMetadata","createTime":"2026-06-09T08:39:08.131898646Z","target":"projects/vertey-cf1b9/locations/us-central1/functions/elevenLabsWebhook","verb":"update","cancelRequested":false,"apiVersion":"v2","requestResource":{"@type":"type.googleapis.com/google.cloud.functions.v2.Function","name":"projects/vertey-cf1b9/locations/us-central1/functions/elevenLabsWebhook","buildConfig":{"runtime":"nodejs22","entryPoint":"elevenLabsWebhook","source":{"storageSource":{"bucket":"gcf-v2-sources-1011722836316-us-central1","object":"elevenLabsWebhook/function-source.zip","generation":"1780994348085432"}},"environmentVariables":{"GOOGLE_NODE_RUN_SCRIPTS":""},"dockerRepository":"projects/vertey-cf1b9/locations/us-central1/repositories/gcf-artifacts","sourceProvenance":{"resolvedStorageSource":{"bucket":"gcf-v2-sources-1011722836316-us-central1","object":"elevenLabsWebhook/function-source.zip","generation":"1780994193145349"}},"dockerRegistry":"ARTIFACT_REGISTRY","serviceAccount":"projects/vertey-cf1b9/serviceAccounts/1011722836316-compute@developer.gserviceaccount.com","automaticUpdatePolicy":{}},"serviceConfig":{"service":"projects/vertey-cf1b9/locations/us-central1/services/elevenlabswebhook","timeoutSeconds":60,"environmentVariables":{"FIREBASE_CONFIG":"{\"projectId\":\"vertey-cf1b9\",\"storageBucket\":\"vertey-cf1b9.firebasestorage.app\"}","GCLOUD_PROJECT":"vertey-cf1b9","EVENTARC_CLOUD_EVENT_SOURCE":"projects/vertey-cf1b9/locations/us-central1/services/elevenLabsWebhook","FUNCTION_TARGET":"elevenLabsWebhook","LOG_EXECUTION_ID":"true"},"ingressSettings":"ALLOW_ALL","serviceAccountEmail":"1011722836316-compute@developer.gserviceaccount.com","availableMemory":"256Mi","secretEnvironmentVariables":[{"key":"ELEVENLABS_WEBHOOK_SECRET","projectId":"vertey-cf1b9","secret":"ELEVENLABS_WEBHOOK_SECRET","version":"1"}],"maxInstanceRequestConcurrency":80,"availableCpu":"1"},"state":"FAILED","labels":{"firebase-functions-hash":"c5684094271f3a060cdacd3cd21cf81bcb0ef631"},"stateMessages":[{"severity":"ERROR","type":"CloudRunServiceNotFound","message":"Cloud Run service projects/vertey-cf1b9/locations/us-central1/services/elevenlabswebhook for the function was not found. The function will not work correctly. Please redeploy."}],"environment":"GEN_2","url":"https://us-central1-vertey-cf1b9.cloudfunctions.net/elevenLabsWebhook","satisfiesPzi":true},"stages":[{"name":"BUILD","message":"Build in progress","state":"IN_PROGRESS","resource":"projects/1011722836316/locations/us-central1/builds/8e676356-36ec-4225-bd70-b621889f9587","resourceUri":"https://console.cloud.google.com/cloud-build/builds;region=us-central1/8e676356-36ec-4225-bd70-b621889f9587?project=1011722836316"},{"name":"SERVICE","state":"NOT_STARTED"}],"operationType":"UPDATE_FUNCTION","buildName":"projects/1011722836316/locations/us-central1/builds/8e676356-36ec-4225-bd70-b621889f9587"},"done":false}
[debug] [2026-06-09T08:39:27.297Z] [update-default-us-central1-elevenLabsWebhook] Retrying task index 0
[debug] [2026-06-09T08:39:27.297Z] Checked if tokens are valid: true, expires at: 1780997427982
[debug] [2026-06-09T08:39:27.297Z] Checked if tokens are valid: true, expires at: 1780997427982
[debug] [2026-06-09T08:39:27.297Z] >>> [apiv2][query] GET https://cloudfunctions.googleapis.com/v2/projects/vertey-cf1b9/locations/us-central1/operations/operation-1780994347364-653ce0f6bef07-ebb45043-1465e05c [none]
[debug] [2026-06-09T08:39:28.143Z] <<< [apiv2][status] GET https://cloudfunctions.googleapis.com/v2/projects/vertey-cf1b9/locations/us-central1/operations/operation-1780994347364-653ce0f6bef07-ebb45043-1465e05c 200
[debug] [2026-06-09T08:39:28.143Z] <<< [apiv2][body] GET https://cloudfunctions.googleapis.com/v2/projects/vertey-cf1b9/locations/us-central1/operations/operation-1780994347364-653ce0f6bef07-ebb45043-1465e05c {"name":"projects/vertey-cf1b9/locations/us-central1/operations/operation-1780994347364-653ce0f6bef07-ebb45043-1465e05c","metadata":{"@type":"type.googleapis.com/google.cloud.functions.v2.OperationMetadata","createTime":"2026-06-09T08:39:08.131898646Z","target":"projects/vertey-cf1b9/locations/us-central1/functions/elevenLabsWebhook","verb":"update","cancelRequested":false,"apiVersion":"v2","requestResource":{"@type":"type.googleapis.com/google.cloud.functions.v2.Function","name":"projects/vertey-cf1b9/locations/us-central1/functions/elevenLabsWebhook","buildConfig":{"runtime":"nodejs22","entryPoint":"elevenLabsWebhook","source":{"storageSource":{"bucket":"gcf-v2-sources-1011722836316-us-central1","object":"elevenLabsWebhook/function-source.zip","generation":"1780994348085432"}},"environmentVariables":{"GOOGLE_NODE_RUN_SCRIPTS":""},"dockerRepository":"projects/vertey-cf1b9/locations/us-central1/repositories/gcf-artifacts","sourceProvenance":{"resolvedStorageSource":{"bucket":"gcf-v2-sources-1011722836316-us-central1","object":"elevenLabsWebhook/function-source.zip","generation":"1780994193145349"}},"dockerRegistry":"ARTIFACT_REGISTRY","serviceAccount":"projects/vertey-cf1b9/serviceAccounts/1011722836316-compute@developer.gserviceaccount.com","automaticUpdatePolicy":{}},"serviceConfig":{"service":"projects/vertey-cf1b9/locations/us-central1/services/elevenlabswebhook","timeoutSeconds":60,"environmentVariables":{"FIREBASE_CONFIG":"{\"projectId\":\"vertey-cf1b9\",\"storageBucket\":\"vertey-cf1b9.firebasestorage.app\"}","GCLOUD_PROJECT":"vertey-cf1b9","EVENTARC_CLOUD_EVENT_SOURCE":"projects/vertey-cf1b9/locations/us-central1/services/elevenLabsWebhook","FUNCTION_TARGET":"elevenLabsWebhook","LOG_EXECUTION_ID":"true"},"ingressSettings":"ALLOW_ALL","serviceAccountEmail":"1011722836316-compute@developer.gserviceaccount.com","availableMemory":"256Mi","secretEnvironmentVariables":[{"key":"ELEVENLABS_WEBHOOK_SECRET","projectId":"vertey-cf1b9","secret":"ELEVENLABS_WEBHOOK_SECRET","version":"1"}],"maxInstanceRequestConcurrency":80,"availableCpu":"1"},"state":"FAILED","labels":{"firebase-functions-hash":"c5684094271f3a060cdacd3cd21cf81bcb0ef631"},"stateMessages":[{"severity":"ERROR","type":"CloudRunServiceNotFound","message":"Cloud Run service projects/vertey-cf1b9/locations/us-central1/services/elevenlabswebhook for the function was not found. The function will not work correctly. Please redeploy."}],"environment":"GEN_2","url":"https://us-central1-vertey-cf1b9.cloudfunctions.net/elevenLabsWebhook","satisfiesPzi":true},"stages":[{"name":"BUILD","message":"Build in progress","state":"IN_PROGRESS","resource":"projects/1011722836316/locations/us-central1/builds/8e676356-36ec-4225-bd70-b621889f9587","resourceUri":"https://console.cloud.google.com/cloud-build/builds;region=us-central1/8e676356-36ec-4225-bd70-b621889f9587?project=1011722836316"},{"name":"SERVICE","state":"NOT_STARTED"}],"operationType":"UPDATE_FUNCTION","buildName":"projects/1011722836316/locations/us-central1/builds/8e676356-36ec-4225-bd70-b621889f9587"},"done":false}
[debug] [2026-06-09T08:39:37.028Z] ----------------------------------------------------------------------
[debug] [2026-06-09T08:39:37.029Z] Command:       /usr/local/bin/node /Users/raulgm/.npm-global/bin/firebase deploy --only functions --debug
[debug] [2026-06-09T08:39:37.030Z] CLI Version:   15.13.0
[debug] [2026-06-09T08:39:37.030Z] Platform:      darwin
[debug] [2026-06-09T08:39:37.030Z] Node Version:  v22.15.0
[debug] [2026-06-09T08:39:37.030Z] Time:          Tue Jun 09 2026 11:39:37 GMT+0300 (GMT+03:00)
[debug] [2026-06-09T08:39:37.030Z] ----------------------------------------------------------------------
[debug] 
[debug] [2026-06-09T08:39:37.581Z] > command requires scopes: ["email","openid","https://www.googleapis.com/auth/cloudplatformprojects.readonly","https://www.googleapis.com/auth/firebase","https://www.googleapis.com/auth/cloud-platform"]
[debug] [2026-06-09T08:39:37.581Z] > authorizing via signed-in user (apaladario@gmail.com)
[debug] [2026-06-09T08:39:37.582Z] [iam] checking project vertey-cf1b9 for permissions ["cloudfunctions.functions.create","cloudfunctions.functions.delete","cloudfunctions.functions.get","cloudfunctions.functions.list","cloudfunctions.functions.update","cloudfunctions.operations.get","firebase.projects.get"]
[debug] [2026-06-09T08:39:37.582Z] Checked if tokens are valid: true, expires at: 1780997427982
[debug] [2026-06-09T08:39:37.582Z] Checked if tokens are valid: true, expires at: 1780997427982
[debug] [2026-06-09T08:39:37.582Z] >>> [apiv2][query] POST https://cloudresourcemanager.googleapis.com/v1/projects/vertey-cf1b9:testIamPermissions [none]
[debug] [2026-06-09T08:39:37.582Z] >>> [apiv2][(partial)header] POST https://cloudresourcemanager.googleapis.com/v1/projects/vertey-cf1b9:testIamPermissions  x-goog-user-project=vertey-cf1b9
[debug] [2026-06-09T08:39:37.582Z] >>> [apiv2][body] POST https://cloudresourcemanager.googleapis.com/v1/projects/vertey-cf1b9:testIamPermissions {"permissions":["cloudfunctions.functions.create","cloudfunctions.functions.delete","cloudfunctions.functions.get","cloudfunctions.functions.list","cloudfunctions.functions.update","cloudfunctions.operations.get","firebase.projects.get"]}
[debug] [2026-06-09T08:39:37.879Z] <<< [apiv2][status] POST https://cloudresourcemanager.googleapis.com/v1/projects/vertey-cf1b9:testIamPermissions 200
[debug] [2026-06-09T08:39:37.880Z] <<< [apiv2][body] POST https://cloudresourcemanager.googleapis.com/v1/projects/vertey-cf1b9:testIamPermissions {"permissions":["cloudfunctions.functions.create","cloudfunctions.functions.delete","cloudfunctions.functions.get","cloudfunctions.functions.list","cloudfunctions.functions.update","cloudfunctions.operations.get","firebase.projects.get"]}
[debug] [2026-06-09T08:39:37.880Z] Checked if tokens are valid: true, expires at: 1780997427982
[debug] [2026-06-09T08:39:37.880Z] Checked if tokens are valid: true, expires at: 1780997427982
[debug] [2026-06-09T08:39:37.880Z] >>> [apiv2][query] POST https://iam.googleapis.com/v1/projects/vertey-cf1b9/serviceAccounts/vertey-cf1b9@appspot.gserviceaccount.com:testIamPermissions [none]
[debug] [2026-06-09T08:39:37.880Z] >>> [apiv2][body] POST https://iam.googleapis.com/v1/projects/vertey-cf1b9/serviceAccounts/vertey-cf1b9@appspot.gserviceaccount.com:testIamPermissions {"permissions":["iam.serviceAccounts.actAs"]}
[debug] [2026-06-09T08:39:38.783Z] <<< [apiv2][status] POST https://iam.googleapis.com/v1/projects/vertey-cf1b9/serviceAccounts/vertey-cf1b9@appspot.gserviceaccount.com:testIamPermissions 200
[debug] [2026-06-09T08:39:38.784Z] <<< [apiv2][body] POST https://iam.googleapis.com/v1/projects/vertey-cf1b9/serviceAccounts/vertey-cf1b9@appspot.gserviceaccount.com:testIamPermissions {"permissions":["iam.serviceAccounts.actAs"]}
[info] 
[info] === Deploying to 'vertey-cf1b9'...
[info] 
[info] i  deploying functions 
[info] Running command: npm --prefix "$RESOURCE_DIR" install
[info] Running command: npm --prefix "$RESOURCE_DIR" run build
[debug] [2026-06-09T08:39:45.293Z] ----------------------------------------------------------------------
[debug] [2026-06-09T08:39:45.294Z] Command:       /usr/local/bin/node /Users/raulgm/.npm-global/bin/firebase deploy --only functions --debug
[debug] [2026-06-09T08:39:45.294Z] CLI Version:   15.13.0
[debug] [2026-06-09T08:39:45.294Z] Platform:      darwin
[debug] [2026-06-09T08:39:45.294Z] Node Version:  v22.15.0
[debug] [2026-06-09T08:39:45.295Z] Time:          Tue Jun 09 2026 11:39:45 GMT+0300 (GMT+03:00)
[debug] [2026-06-09T08:39:45.295Z] ----------------------------------------------------------------------
[debug] 
[debug] [2026-06-09T08:39:45.828Z] > command requires scopes: ["email","openid","https://www.googleapis.com/auth/cloudplatformprojects.readonly","https://www.googleapis.com/auth/firebase","https://www.googleapis.com/auth/cloud-platform"]
[debug] [2026-06-09T08:39:45.829Z] > authorizing via signed-in user (apaladario@gmail.com)
[debug] [2026-06-09T08:39:45.829Z] [iam] checking project vertey-cf1b9 for permissions ["cloudfunctions.functions.create","cloudfunctions.functions.delete","cloudfunctions.functions.get","cloudfunctions.functions.list","cloudfunctions.functions.update","cloudfunctions.operations.get","firebase.projects.get"]
[debug] [2026-06-09T08:39:45.830Z] Checked if tokens are valid: true, expires at: 1780997427982
[debug] [2026-06-09T08:39:45.830Z] Checked if tokens are valid: true, expires at: 1780997427982
[debug] [2026-06-09T08:39:45.831Z] >>> [apiv2][query] POST https://cloudresourcemanager.googleapis.com/v1/projects/vertey-cf1b9:testIamPermissions [none]
[debug] [2026-06-09T08:39:45.831Z] >>> [apiv2][(partial)header] POST https://cloudresourcemanager.googleapis.com/v1/projects/vertey-cf1b9:testIamPermissions  x-goog-user-project=vertey-cf1b9
[debug] [2026-06-09T08:39:45.831Z] >>> [apiv2][body] POST https://cloudresourcemanager.googleapis.com/v1/projects/vertey-cf1b9:testIamPermissions {"permissions":["cloudfunctions.functions.create","cloudfunctions.functions.delete","cloudfunctions.functions.get","cloudfunctions.functions.list","cloudfunctions.functions.update","cloudfunctions.operations.get","firebase.projects.get"]}
[debug] [2026-06-09T08:39:46.117Z] <<< [apiv2][status] POST https://cloudresourcemanager.googleapis.com/v1/projects/vertey-cf1b9:testIamPermissions 200
[debug] [2026-06-09T08:39:46.117Z] <<< [apiv2][body] POST https://cloudresourcemanager.googleapis.com/v1/projects/vertey-cf1b9:testIamPermissions {"permissions":["cloudfunctions.functions.create","cloudfunctions.functions.delete","cloudfunctions.functions.get","cloudfunctions.functions.list","cloudfunctions.functions.update","cloudfunctions.operations.get","firebase.projects.get"]}
[debug] [2026-06-09T08:39:46.117Z] Checked if tokens are valid: true, expires at: 1780997427982
[debug] [2026-06-09T08:39:46.117Z] Checked if tokens are valid: true, expires at: 1780997427982
[debug] [2026-06-09T08:39:46.117Z] >>> [apiv2][query] POST https://iam.googleapis.com/v1/projects/vertey-cf1b9/serviceAccounts/vertey-cf1b9@appspot.gserviceaccount.com:testIamPermissions [none]
[debug] [2026-06-09T08:39:46.117Z] >>> [apiv2][body] POST https://iam.googleapis.com/v1/projects/vertey-cf1b9/serviceAccounts/vertey-cf1b9@appspot.gserviceaccount.com:testIamPermissions {"permissions":["iam.serviceAccounts.actAs"]}
[debug] [2026-06-09T08:39:47.020Z] <<< [apiv2][status] POST https://iam.googleapis.com/v1/projects/vertey-cf1b9/serviceAccounts/vertey-cf1b9@appspot.gserviceaccount.com:testIamPermissions 200
[debug] [2026-06-09T08:39:47.021Z] <<< [apiv2][body] POST https://iam.googleapis.com/v1/projects/vertey-cf1b9/serviceAccounts/vertey-cf1b9@appspot.gserviceaccount.com:testIamPermissions {"permissions":["iam.serviceAccounts.actAs"]}
[info] 
[info] === Deploying to 'vertey-cf1b9'...
[info] 
[info] i  deploying functions 
[info] Running command: npm --prefix "$RESOURCE_DIR" install
[info] Running command: npm --prefix "$RESOURCE_DIR" run build
[info] ✔  functions: Finished running predeploy script. 
[debug] [2026-06-09T08:39:48.501Z] Checked if tokens are valid: true, expires at: 1780997427982
[debug] [2026-06-09T08:39:48.501Z] Checked if tokens are valid: true, expires at: 1780997427982
[debug] [2026-06-09T08:39:48.501Z] >>> [apiv2][query] GET https://cloudresourcemanager.googleapis.com/v1/projects/vertey-cf1b9 [none]
[debug] [2026-06-09T08:39:48.734Z] <<< [apiv2][status] GET https://cloudresourcemanager.googleapis.com/v1/projects/vertey-cf1b9 200
[debug] [2026-06-09T08:39:48.734Z] <<< [apiv2][body] GET https://cloudresourcemanager.googleapis.com/v1/projects/vertey-cf1b9 {"projectNumber":"1011722836316","projectId":"vertey-cf1b9","lifecycleState":"ACTIVE","name":"Vertey","labels":{"firebase":"enabled","firebase-core":"disabled"},"createTime":"2026-05-19T21:04:10.860Z"}
[info] i  functions: preparing codebase default for deployment 
[info] i  functions: ensuring required API cloudfunctions.googleapis.com is enabled... 
[info] i  functions: ensuring required API cloudbuild.googleapis.com is enabled... 
[info] i  artifactregistry: ensuring required API artifactregistry.googleapis.com is enabled... 
[debug] [2026-06-09T08:39:48.735Z] Checked if tokens are valid: true, expires at: 1780997427982
[debug] [2026-06-09T08:39:48.735Z] Checked if tokens are valid: true, expires at: 1780997427982
[debug] [2026-06-09T08:39:48.735Z] >>> [apiv2][query] GET https://firebase.googleapis.com/v1beta1/projects/vertey-cf1b9/adminSdkConfig [none]
[debug] [2026-06-09T08:39:49.153Z] <<< [apiv2][status] GET https://firebase.googleapis.com/v1beta1/projects/vertey-cf1b9/adminSdkConfig 200
[debug] [2026-06-09T08:39:49.153Z] <<< [apiv2][body] GET https://firebase.googleapis.com/v1beta1/projects/vertey-cf1b9/adminSdkConfig {"projectId":"vertey-cf1b9","storageBucket":"vertey-cf1b9.firebasestorage.app"}
[debug] [2026-06-09T08:39:49.153Z] Checked if tokens are valid: true, expires at: 1780997427982
[debug] [2026-06-09T08:39:49.154Z] Checked if tokens are valid: true, expires at: 1780997427982
[debug] [2026-06-09T08:39:49.154Z] >>> [apiv2][query] GET https://runtimeconfig.googleapis.com/v1beta1/projects/vertey-cf1b9/configs [none]
[debug] [2026-06-09T08:39:49.479Z] <<< [apiv2][status] GET https://runtimeconfig.googleapis.com/v1beta1/projects/vertey-cf1b9/configs 200
[debug] [2026-06-09T08:39:49.480Z] <<< [apiv2][body] GET https://runtimeconfig.googleapis.com/v1beta1/projects/vertey-cf1b9/configs {}
[debug] [2026-06-09T08:39:49.481Z] Validating nodejs source
[warn] ⚠  functions: package.json indicates an outdated version of firebase-functions. Please upgrade using npm install --save firebase-functions@latest in your functions directory. 
[warn] ⚠  functions: Please note that there will be breaking changes when you upgrade. 
[debug] [2026-06-09T08:39:49.772Z] > [functions] package.json contents: {
  "name": "zoem-functions",
  "main": "lib/index.js",
  "scripts": {
    "build": "tsc",
    "build:watch": "tsc --watch"
  },
  "engines": {
    "node": "22"
  },
  "dependencies": {
    "firebase-admin": "^13.0.0",
    "firebase-functions": "^6.0.0"
  },
  "devDependencies": {
    "typescript": "~5.9.0"
  }
}
[debug] [2026-06-09T08:39:49.772Z] Building nodejs source
[info] i  functions: Loading and analyzing source code for codebase default to determine what to deploy 
[debug] [2026-06-09T08:39:49.773Z] Could not find functions.yaml. Must use http discovery
[debug] [2026-06-09T08:39:49.777Z] Found firebase-functions binary at '/Users/raulgm/Developer/Zoem/Zoem/functions/node_modules/.bin/firebase-functions'
[info] Serving at port 8609

[debug] [2026-06-09T08:39:49.943Z] Got response from /__/functions.yaml {"endpoints":{"elevenLabsWebhook":{"availableMemoryMb":null,"timeoutSeconds":null,"minInstances":null,"maxInstances":null,"ingressSettings":null,"concurrency":null,"serviceAccountEmail":null,"vpc":null,"platform":"gcfv2","secretEnvironmentVariables":[{"key":"ELEVENLABS_WEBHOOK_SECRET"}],"labels":{},"httpsTrigger":{},"entryPoint":"elevenLabsWebhook"}},"specVersion":"v1alpha1","requiredAPIs":[],"extensions":{},"params":[{"type":"secret","name":"ELEVENLABS_WEBHOOK_SECRET"}]}
[info] i  extensions: ensuring required API firebaseextensions.googleapis.com is enabled... 
[debug] [2026-06-09T08:39:53.956Z] > command requires scopes: ["email","openid","https://www.googleapis.com/auth/cloudplatformprojects.readonly","https://www.googleapis.com/auth/firebase","https://www.googleapis.com/auth/cloud-platform"]
[debug] [2026-06-09T08:39:53.957Z] > authorizing via signed-in user (apaladario@gmail.com)
[debug] [2026-06-09T08:39:53.957Z] [iam] checking project vertey-cf1b9 for permissions ["firebase.projects.get","firebaseextensions.instances.list"]
[debug] [2026-06-09T08:39:53.957Z] Checked if tokens are valid: true, expires at: 1780997427982
[debug] [2026-06-09T08:39:53.957Z] Checked if tokens are valid: true, expires at: 1780997427982
[debug] [2026-06-09T08:39:53.957Z] >>> [apiv2][query] POST https://cloudresourcemanager.googleapis.com/v1/projects/vertey-cf1b9:testIamPermissions [none]
[debug] [2026-06-09T08:39:53.957Z] >>> [apiv2][(partial)header] POST https://cloudresourcemanager.googleapis.com/v1/projects/vertey-cf1b9:testIamPermissions  x-goog-user-project=vertey-cf1b9
[debug] [2026-06-09T08:39:53.957Z] >>> [apiv2][body] POST https://cloudresourcemanager.googleapis.com/v1/projects/vertey-cf1b9:testIamPermissions {"permissions":["firebase.projects.get","firebaseextensions.instances.list"]}
[debug] [2026-06-09T08:39:54.853Z] <<< [apiv2][status] POST https://cloudresourcemanager.googleapis.com/v1/projects/vertey-cf1b9:testIamPermissions 200
[debug] [2026-06-09T08:39:54.854Z] <<< [apiv2][body] POST https://cloudresourcemanager.googleapis.com/v1/projects/vertey-cf1b9:testIamPermissions {"permissions":["firebase.projects.get","firebaseextensions.instances.list"]}
[debug] [2026-06-09T08:39:54.854Z] Checked if tokens are valid: true, expires at: 1780997427982
[debug] [2026-06-09T08:39:54.854Z] Checked if tokens are valid: true, expires at: 1780997427982
[debug] [2026-06-09T08:39:54.855Z] >>> [apiv2][query] GET https://firebaseextensions.googleapis.com/v1beta/projects/vertey-cf1b9/instances pageSize=100&pageToken=
[debug] [2026-06-09T08:39:55.839Z] <<< [apiv2][status] GET https://firebaseextensions.googleapis.com/v1beta/projects/vertey-cf1b9/instances 200
[debug] [2026-06-09T08:39:55.839Z] <<< [apiv2][body] GET https://firebaseextensions.googleapis.com/v1beta/projects/vertey-cf1b9/instances {}
[debug] [2026-06-09T08:39:55.841Z] Checked if tokens are valid: true, expires at: 1780997427982
[debug] [2026-06-09T08:39:55.841Z] Checked if tokens are valid: true, expires at: 1780997427982
[debug] [2026-06-09T08:39:55.841Z] >>> [apiv2][query] GET https://secretmanager.googleapis.com/v1/projects/vertey-cf1b9/secrets/ELEVENLABS_WEBHOOK_SECRET [none]
[debug] [2026-06-09T08:39:56.279Z] <<< [apiv2][status] GET https://secretmanager.googleapis.com/v1/projects/vertey-cf1b9/secrets/ELEVENLABS_WEBHOOK_SECRET 200
[debug] [2026-06-09T08:39:56.280Z] <<< [apiv2][body] GET https://secretmanager.googleapis.com/v1/projects/vertey-cf1b9/secrets/ELEVENLABS_WEBHOOK_SECRET {"name":"projects/1011722836316/secrets/ELEVENLABS_WEBHOOK_SECRET","replication":{"automatic":{}},"createTime":"2026-06-09T08:31:31.325515Z","labels":{"firebase-managed":"functions"},"etag":"\"1653cdf44e5e73\""}
[debug] [2026-06-09T08:39:56.280Z] Checked if tokens are valid: true, expires at: 1780997427982
[debug] [2026-06-09T08:39:56.280Z] Checked if tokens are valid: true, expires at: 1780997427982
[debug] [2026-06-09T08:39:56.280Z] >>> [apiv2][query] GET https://secretmanager.googleapis.com/v1/projects/vertey-cf1b9/secrets/ELEVENLABS_WEBHOOK_SECRET/versions/latest [none]
[debug] [2026-06-09T08:39:56.491Z] <<< [apiv2][status] GET https://secretmanager.googleapis.com/v1/projects/vertey-cf1b9/secrets/ELEVENLABS_WEBHOOK_SECRET/versions/latest 200
[debug] [2026-06-09T08:39:56.491Z] <<< [apiv2][body] GET https://secretmanager.googleapis.com/v1/projects/vertey-cf1b9/secrets/ELEVENLABS_WEBHOOK_SECRET/versions/latest {"name":"projects/1011722836316/secrets/ELEVENLABS_WEBHOOK_SECRET/versions/1","createTime":"2026-06-09T08:31:37.066904Z","state":"ENABLED","replicationStatus":{"automatic":{}},"etag":"\"1653cdf494f198\""}
[info] i  functions: preparing functions directory for uploading... 
[info] i  functions: packaged /Users/raulgm/Developer/Zoem/Zoem/functions (35.62 KB) for uploading 
[debug] [2026-06-09T08:39:56.522Z] Checked if tokens are valid: true, expires at: 1780997427982
[debug] [2026-06-09T08:39:56.522Z] Checked if tokens are valid: true, expires at: 1780997427982
[debug] [2026-06-09T08:39:56.522Z] >>> [apiv2][query] GET https://cloudfunctions.googleapis.com/v1/projects/vertey-cf1b9/locations/-/functions [none]
[debug] [2026-06-09T08:39:57.227Z] <<< [apiv2][status] GET https://cloudfunctions.googleapis.com/v1/projects/vertey-cf1b9/locations/-/functions 200
[debug] [2026-06-09T08:39:57.227Z] <<< [apiv2][body] GET https://cloudfunctions.googleapis.com/v1/projects/vertey-cf1b9/locations/-/functions {}
[debug] [2026-06-09T08:39:57.228Z] Checked if tokens are valid: true, expires at: 1780997427982
[debug] [2026-06-09T08:39:57.228Z] Checked if tokens are valid: true, expires at: 1780997427982
[debug] [2026-06-09T08:39:57.228Z] >>> [apiv2][query] GET https://cloudfunctions.googleapis.com/v2/projects/vertey-cf1b9/locations/-/functions filter=environment%3D%22GEN_2%22
[debug] [2026-06-09T08:39:58.393Z] <<< [apiv2][status] GET https://cloudfunctions.googleapis.com/v2/projects/vertey-cf1b9/locations/-/functions 200
[debug] [2026-06-09T08:39:58.393Z] <<< [apiv2][body] GET https://cloudfunctions.googleapis.com/v2/projects/vertey-cf1b9/locations/-/functions {"functions":[{"name":"projects/vertey-cf1b9/locations/us-central1/functions/elevenLabsWebhook","serviceConfig":{"service":"projects/vertey-cf1b9/locations/us-central1/services/elevenlabswebhook"},"state":"DEPLOYING","updateTime":"2026-06-09T08:39:08.134589774Z","labels":{"deployment-tool":"cli-firebase","firebase-functions-hash":"c5684094271f3a060cdacd3cd21cf81bcb0ef631"},"environment":"GEN_2"}]}
[info] i  functions: ensuring required API run.googleapis.com is enabled... 
[info] i  functions: ensuring required API eventarc.googleapis.com is enabled... 
[info] i  functions: ensuring required API pubsub.googleapis.com is enabled... 
[info] i  functions: ensuring required API storage.googleapis.com is enabled... 
[info] i  functions: generating the service identity for pubsub.googleapis.com... 
[debug] [2026-06-09T08:39:58.396Z] Checked if tokens are valid: true, expires at: 1780997427982
[debug] [2026-06-09T08:39:58.396Z] Checked if tokens are valid: true, expires at: 1780997427982
[info] i  functions: generating the service identity for eventarc.googleapis.com... 
[debug] [2026-06-09T08:39:58.396Z] Checked if tokens are valid: true, expires at: 1780997427982
[debug] [2026-06-09T08:39:58.396Z] Checked if tokens are valid: true, expires at: 1780997427982
[debug] [2026-06-09T08:39:58.396Z] >>> [apiv2][query] POST https://serviceusage.googleapis.com/v1beta1/projects/1011722836316/services/pubsub.googleapis.com:generateServiceIdentity [none]
[debug] [2026-06-09T08:39:58.396Z] >>> [apiv2][(partial)header] POST https://serviceusage.googleapis.com/v1beta1/projects/1011722836316/services/pubsub.googleapis.com:generateServiceIdentity  x-goog-user-project=1011722836316
[debug] [2026-06-09T08:39:58.396Z] >>> [apiv2][body] POST https://serviceusage.googleapis.com/v1beta1/projects/1011722836316/services/pubsub.googleapis.com:generateServiceIdentity {}
[debug] [2026-06-09T08:39:58.399Z] >>> [apiv2][query] POST https://serviceusage.googleapis.com/v1beta1/projects/1011722836316/services/eventarc.googleapis.com:generateServiceIdentity [none]
[debug] [2026-06-09T08:39:58.399Z] >>> [apiv2][(partial)header] POST https://serviceusage.googleapis.com/v1beta1/projects/1011722836316/services/eventarc.googleapis.com:generateServiceIdentity  x-goog-user-project=1011722836316
[debug] [2026-06-09T08:39:58.399Z] >>> [apiv2][body] POST https://serviceusage.googleapis.com/v1beta1/projects/1011722836316/services/eventarc.googleapis.com:generateServiceIdentity {}
[debug] [2026-06-09T08:39:59.458Z] <<< [apiv2][status] POST https://serviceusage.googleapis.com/v1beta1/projects/1011722836316/services/eventarc.googleapis.com:generateServiceIdentity 200
[debug] [2026-06-09T08:39:59.458Z] <<< [apiv2][body] POST https://serviceusage.googleapis.com/v1beta1/projects/1011722836316/services/eventarc.googleapis.com:generateServiceIdentity {"name":"operations/finished.DONE_OPERATION","done":true,"response":{"@type":"type.googleapis.com/google.api.serviceusage.v1beta1.ServiceIdentity","email":"service-1011722836316@gcp-sa-eventarc.iam.gserviceaccount.com","uniqueId":"110958607948192226282"}}
[debug] [2026-06-09T08:39:59.477Z] <<< [apiv2][status] POST https://serviceusage.googleapis.com/v1beta1/projects/1011722836316/services/pubsub.googleapis.com:generateServiceIdentity 200
[debug] [2026-06-09T08:39:59.477Z] <<< [apiv2][body] POST https://serviceusage.googleapis.com/v1beta1/projects/1011722836316/services/pubsub.googleapis.com:generateServiceIdentity {"name":"operations/finished.DONE_OPERATION","done":true,"response":{"@type":"type.googleapis.com/google.api.serviceusage.v1beta1.ServiceIdentity","email":"service-1011722836316@gcp-sa-pubsub.iam.gserviceaccount.com","uniqueId":"110777018645457085641"}}
[info] i  functions: ensuring required API secretmanager.googleapis.com is enabled... 
[debug] [2026-06-09T08:39:59.480Z] Checked if tokens are valid: true, expires at: 1780997427982
[debug] [2026-06-09T08:39:59.480Z] Checked if tokens are valid: true, expires at: 1780997427982
[debug] [2026-06-09T08:39:59.480Z] >>> [apiv2][query] GET https://secretmanager.googleapis.com/v1/projects/vertey-cf1b9/secrets/ELEVENLABS_WEBHOOK_SECRET/versions/latest [none]
[debug] [2026-06-09T08:39:59.670Z] <<< [apiv2][status] GET https://secretmanager.googleapis.com/v1/projects/vertey-cf1b9/secrets/ELEVENLABS_WEBHOOK_SECRET/versions/latest 200
[debug] [2026-06-09T08:39:59.670Z] <<< [apiv2][body] GET https://secretmanager.googleapis.com/v1/projects/vertey-cf1b9/secrets/ELEVENLABS_WEBHOOK_SECRET/versions/latest {"name":"projects/1011722836316/secrets/ELEVENLABS_WEBHOOK_SECRET/versions/1","createTime":"2026-06-09T08:31:37.066904Z","state":"ENABLED","replicationStatus":{"automatic":{}},"etag":"\"1653cdf494f198\""}
[debug] [2026-06-09T08:39:59.670Z] Resolved secret version of ELEVENLABS_WEBHOOK_SECRET to 1.
[debug] [2026-06-09T08:39:59.672Z] Checked if tokens are valid: true, expires at: 1780997427982
[debug] [2026-06-09T08:39:59.672Z] Checked if tokens are valid: true, expires at: 1780997427982
[debug] [2026-06-09T08:39:59.672Z] >>> [apiv2][query] GET https://cloudresourcemanager.googleapis.com/v1/projects/vertey-cf1b9 [none]
[debug] [2026-06-09T08:39:59.888Z] <<< [apiv2][status] GET https://cloudresourcemanager.googleapis.com/v1/projects/vertey-cf1b9 200
[debug] [2026-06-09T08:39:59.889Z] <<< [apiv2][body] GET https://cloudresourcemanager.googleapis.com/v1/projects/vertey-cf1b9 {"projectNumber":"1011722836316","projectId":"vertey-cf1b9","lifecycleState":"ACTIVE","name":"Vertey","labels":{"firebase":"enabled","firebase-core":"disabled"},"createTime":"2026-05-19T21:04:10.860Z"}
[debug] [2026-06-09T08:39:59.889Z] Checked if tokens are valid: true, expires at: 1780997427982
[debug] [2026-06-09T08:39:59.889Z] Checked if tokens are valid: true, expires at: 1780997427982
[debug] [2026-06-09T08:39:59.890Z] >>> [apiv2][query] GET https://compute.googleapis.com/compute/v1/projects/1011722836316 [none]
